link_id,road_name,max_spd,rd_rank_h,rd_type_h,rest_veh_h,rest_w,rest_h,remark,coordinates
2380051012,장백로,60,시·군도,일반도로,모두통행가능,0,0,,"[126.864371468381, 37.9893972629216]; [126.864570748831, 37.9893232437555]; [126.864970044424, 37.9892139135297]"
2380050911,장백로,60,시·군도,일반도로,모두통행가능,0,0,,"[126.864432981409, 37.9895009941497]; [126.864385508372, 37.989518626835]; [126.864212729296, 37.9896482110322]; [126.864072399507, 37.9898650848879]; [126.864011770371, 37.9899913959959]"
2380050610,장남로,50,지방도,일반도로,모두통행가능,0,0,,"[126.858706565991, 37.9895516928557]; [126.858949427289, 37.9896141700318]; [126.859592299452, 37.9897814667218]"
2380050509,장남로,50,지방도,일반도로,모두통행가능,0,0,,"[126.8586611712, 37.9896622167843]; [126.857917972614, 37.9894710214524]"
2380051110,장백로,60,지방도,일반도로,모두통행가능,0,0,,"[126.881487083085, 37.9916730271223]; [126.881398086795, 37.9917736314582]; [126.881061584048, 37.9919377789969]; [126.880605571565, 37.9921421984182]; [126.880330442157, 37.9923179758839]; [126.880147210449, 37.9925088414639]; [126.879886332991, 37.9928345435696]; [126.879537319709, 37.9932152854528]; [126.879347959855, 37.9934375769272]; [126.878935902632, 37.9936436052169]; [126.878553342571, 37.9937556691517]"
2380051210,장백로,60,지방도,일반도로,모두통행가능,0,0,,"[126.881378833755, 37.9916130521253]; [126.881485653466, 37.9914922988279]; [126.881559586693, 37.9912261420766]; [126.881574131058, 37.9909527101446]"
2380050510,장남로,50,지방도,일반도로,모두통행가능,0,0,,"[126.861687401623, 37.9904528210326]; [126.861571245598, 37.990418724715]; [126.859546445553, 37.9898918318694]"
2380050611,장남로,50,지방도,일반도로,모두통행가능,0,0,,"[126.861738255717, 37.9903443115286]; [126.862886455309, 37.9906813445834]"
2380051611,원당로,30,지방도,일반도로,모두통행가능,0,0,,"[126.883771466025, 37.9771843853923]; [126.883313024176, 37.9766514445923]; [126.883088257382, 37.9764322971779]"
2380051511,원당로,30,지방도,일반도로,모두통행가능,0,0,,"[126.883880404954, 37.9771256693177]; [126.884038684996, 37.9773096681949]; [126.884159569344, 37.9774398523417]"
2380050912,장백로,60,시·군도,일반도로,모두통행가능,0,0,,"[126.875347322407, 37.9845905665962]; [126.874818068468, 37.9850121140632]"
2380051013,장백로,60,시·군도,일반도로,모두통행가능,0,0,,"[126.875250412516, 37.9845143484951]; [126.875499682952, 37.9843158035881]; [126.875638350655, 37.984183438589]; [126.875676421613, 37.9841072987773]; [126.875694718377, 37.983954824659]; [126.875560314765, 37.9824199240094]; [126.875567613747, 37.982222817787]; [126.875645825014, 37.9820585759581]; [126.875738400055, 37.9819845155516]"
2380051211,장백로,60,지방도,일반도로,모두통행가능,0,0,,"[126.885729248137, 37.9879901965482]; [126.885735502958, 37.9879617021064]; [126.885704686242, 37.9876458256003]; [126.88556702812, 37.9861187620081]"
2380051111,장백로,60,지방도,일반도로,모두통행가능,0,0,,"[126.885851059562, 37.988006945075]; [126.885784967835, 37.9883080328448]; [126.885608898045, 37.9886937078878]; [126.885413625853, 37.9888179723905]; [126.885038622548, 37.9889484080897]; [126.88462740991, 37.9890340779078]"
2380051512,원당로,30,지방도,일반도로,모두통행가능,0,0,,"[126.884364916055, 37.977667049901]; [126.884714663, 37.9781840659571]; [126.884963765783, 37.9784720910591]; [126.885001805947, 37.9785078937011]"
2380051612,원당로,30,지방도,일반도로,모두통행가능,0,0,,"[126.884252013222, 37.9777167916744]; [126.884052628819, 37.9775020704804]"
2380052002,장백로,60,지방도,일반도로,모두통행가능,0,0,,"[126.87583394183, 37.9965408106807]; [126.875893543112, 37.9971173669852]; [126.875935306738, 37.9974703409933]"
2380051903,장백로,60,지방도,일반도로,모두통행가능,0,0,,"[126.875711383642, 37.9965487445233]; [126.875685084299, 37.9962943315319]; [126.875685084647, 37.9962126512832]"
2380245702,-,10,시·군도,일반도로,모두통행가능,0,0,도로명없음,"[126.84579789912, 37.9874288044209]; [126.845987528626, 37.9871598393503]"
2380245802,-,10,시·군도,일반도로,모두통행가능,0,0,도로명없음,"[126.845917496551, 37.9874810413351]; [126.845481477753, 37.988128813213]; [126.845336038234, 37.9883873620879]; [126.845275465027, 37.9886780928617]; [126.845262787778, 37.9888132968314]; [126.845234529406, 37.9889074843589]; [126.845179822749, 37.9889895411761]; [126.844855573255, 37.9894301688775]; [126.84470990837, 37.989672934123]; [126.844625400444, 37.9899546091747]; [126.844600195236, 37.990257028957]; [126.844457223002, 37.9905949482463]; [126.844338974715, 37.9907413443092]; [126.844189845752, 37.9907129387264]; [126.843690767306, 37.9904058161312]"
2380051904,장백로,60,지방도,일반도로,모두통행가능,0,0,,"[126.876059278955, 37.9991633848617]; [126.875993920041, 37.9988692686055]; [126.875911987449, 37.9983175981964]; [126.875812813385, 37.9974794168791]"
2380052003,장백로,60,지방도,일반도로,모두통행가능,0,0,,"[126.87618107071, 37.9991464373531]; [126.876186475389, 37.9991707583971]; [126.876394228353, 37.9998933760819]; [126.876601977331, 38.0005970125394]; [126.876754151781, 38.0010177302076]; [126.876931590352, 38.0013681710143]; [126.877262330085, 38.0018240550557]; [126.877522107362, 38.0021199377516]"
2380051014,장백로,60,시·군도,일반도로,모두통행가능,0,0,,"[126.864970044424, 37.9892139135297]; [126.865136862821, 37.9891682368625]; [126.866407099413, 37.9887313828441]; [126.866978288017, 37.988536507549]; [126.867146139074, 37.9884729968702]"
2380050913,장백로,60,시·군도,일반도로,모두통행가능,0,0,,"[126.865017967297, 37.9893235390393]; [126.864610004438, 37.9894352430794]; [126.864432981409, 37.9895009941497]"
2380051212,장백로,60,지방도,일반도로,모두통행가능,0,0,,"[126.881574131058, 37.9909527101446]; [126.881599047347, 37.9904842827142]; [126.881600568307, 37.9904761707695]"
2380051112,장백로,60,지방도,일반도로,모두통행가능,0,0,,"[126.881696841178, 37.9909567982807]; [126.8816815268, 37.9912447032491]; [126.881597092964, 37.9915486678585]; [126.881487083085, 37.9916730271223]"
2380246202,술이홀로,60,시·군도,일반도로,모두통행가능,0,0,,"[126.888985648256, 37.9699844378356]; [126.888986153496, 37.9699838764851]; [126.889525043065, 37.9694157684762]; [126.890063474495, 37.9688982287305]"
2380246103,술이홀로,60,시·군도,일반도로,모두통행가능,0,0,,"[126.889096385093, 37.9700477125074]; [126.888984537555, 37.9701719836056]"
2380245601,장남로,30,지방도,일반도로,모두통행가능,0,0,,"[126.840837295665, 37.984021088827]; [126.84157084747, 37.9844616011268]"
2380245501,장남로,30,지방도,일반도로,모두통행가능,0,0,,"[126.84075323816, 37.9841063062645]; [126.839219447195, 37.9831502926687]; [126.838456778347, 37.9827918834186]; [126.83769117513, 37.9823065870013]; [126.836771873433, 37.9817478994553]"
2380050511,장남로,50,지방도,일반도로,모두통행가능,0,0,,"[126.85526648756, 37.9889320520079]; [126.854894058153, 37.9888741172012]; [126.852733160296, 37.9885899438235]; [126.852142465808, 37.9885092656141]"
2380050612,장남로,50,지방도,일반도로,모두통행가능,0,0,,"[126.855295077251, 37.988816933899]; [126.856099082812, 37.9889419998501]; [126.856654076472, 37.9890579273839]"
2380051213,장백로,60,지방도,일반도로,모두통행가능,0,0,,"[126.885403659823, 37.9837138609005]; [126.885238499322, 37.9834511059357]; [126.885168379479, 37.9833442564096]"
2380051113,장백로,60,지방도,일반도로,모두통행가능,0,0,,"[126.885518722128, 37.9836685526159]; [126.885522613616, 37.9836747435522]; [126.885636997597, 37.984164962473]; [126.885645138389, 37.9844922283371]; [126.885620999746, 37.9847819047697]; [126.885610741921, 37.9848562714017]"
2380051015,장백로,60,시·군도,일반도로,모두통행가능,0,0,,"[126.871795491208, 37.9864915336104]; [126.872540383244, 37.9862884277165]"
2380050914,장백로,60,시·군도,일반도로,모두통행가능,0,0,,"[126.871843236941, 37.9866012228317]; [126.871744488476, 37.986628147634]; [126.87097720438, 37.9868233339358]; [126.870793664763, 37.9868733898473]"
2380050915,장백로,60,시·군도,일반도로,모두통행가능,0,0,,"[126.874818068468, 37.9850121140632]; [126.874429398426, 37.9853216827179]; [126.873748922193, 37.9858674104894]; [126.873654291035, 37.9859383843603]"
2380051016,장백로,60,시·군도,일반도로,모두통행가능,0,0,,"[126.874721158908, 37.984935895799]; [126.875250412516, 37.9845143484951]"
2380050916,장백로,60,시·군도,일반도로,모두통행가능,0,0,,"[126.864011770371, 37.9899913959959]; [126.863996589351, 37.9900230231502]; [126.863876439849, 37.9906838418038]; [126.863806735824, 37.9909519698703]"
2380051017,장백로,60,시·군도,일반도로,모두통행가능,0,0,,"[126.863893552364, 37.989955854363]; [126.863964157648, 37.9898087615069]; [126.864119972634, 37.9895679553331]; [126.864324106924, 37.9894148544176]; [126.864371468381, 37.9893972629216]"
2380050703,장남로,50,지방도,일반도로,모두통행가능,0,0,,"[126.874283890434, 37.994635715911]; [126.874045905956, 37.9945360944699]; [126.873317031582, 37.9942350371399]; [126.872527881116, 37.9938922752954]; [126.871826648015, 37.9934380679565]; [126.871601214181, 37.9932903695626]; [126.871103352591, 37.9930725549176]; [126.870887367181, 37.9930129728545]; [126.870809813024, 37.9930152537583]"
2380050802,장남로,50,지방도,일반도로,모두통행가능,0,0,,"[126.87435115578, 37.9945350819803]; [126.874432530798, 37.9945691458636]; [126.874769070474, 37.9946708899175]; [126.875412368438, 37.9948461201623]; [126.876032171331, 37.9949891508226]; [126.876186330412, 37.9950429926055]"
2380051302,장백로,60,시·군도,일반도로,모두통행가능,0,0,,"[126.884352212997, 37.9822260375999]; [126.883758015277, 37.9817632493282]"
2380051403,장백로,60,시·군도,일반도로,모두통행가능,0,0,,"[126.884448239468, 37.9821487965205]; [126.884561351092, 37.9822368919416]; [126.884972862319, 37.9828699879064]; [126.885035542352, 37.9829173667096]"
2380051905,장백로,60,지방도,일반도로,모두통행가능,0,0,,"[126.875812813385, 37.9974794168791]; [126.875771465926, 37.9971299583241]; [126.875711383642, 37.9965487445233]"
2380052004,장백로,60,지방도,일반도로,모두통행가능,0,0,,"[126.875935306738, 37.9974703409933]; [126.876033766847, 37.9983024837997]; [126.876114849232, 37.9988484395377]; [126.87618107071, 37.9991464373531]"
2380245607,장남로,30,지방도,일반도로,모두통행가능,0,0,,"[126.832911885327, 37.9792544963508]; [126.835087784898, 37.980588080672]; [126.836855058109, 37.9816621489649]"
2380050918,장백로,60,시·군도,일반도로,모두통행가능,0,0,,"[126.875835476518, 37.9820605354415]; [126.87574582609, 37.9821322562269]; [126.875689424969, 37.9822506988848]; [126.875683261829, 37.9824170440025]; [126.875818082338, 37.9839566685378]; [126.875795995607, 37.9841407235271]; [126.87573983784, 37.9842530391902]; [126.875582360376, 37.9844033579935]; [126.875347322407, 37.9845905665962]"
2380051019,장백로,60,시·군도,일반도로,모두통행가능,0,0,,"[126.875738400055, 37.9819845155516]; [126.875792095438, 37.9819415589261]; [126.876203667598, 37.9816395130735]; [126.876448260436, 37.9815067332457]; [126.876673969491, 37.9814362001117]; [126.877022242584, 37.9813815691635]; [126.878227064778, 37.9812065661217]; [126.878938276745, 37.9810607108955]"
2380050803,장남로,50,지방도,일반도로,모두통행가능,0,0,,"[126.867042224176, 37.9927366543135]; [126.867238718105, 37.9928287609462]; [126.867894373687, 37.993097342996]; [126.868260300213, 37.9932452699101]; [126.868466089349, 37.9932820185295]; [126.868786410357, 37.9932438849937]; [126.86958462134, 37.9930779196592]; [126.870619568107, 37.9929027750178]; [126.870804275858, 37.9928973427215]"
2380050704,장남로,50,지방도,일반도로,모두통행가능,0,0,,"[126.866969429877, 37.9928339142293]; [126.866939850875, 37.9928200490657]; [126.866280307914, 37.9926944222497]; [126.865764739351, 37.9925574737889]; [126.865476950694, 37.9924094690315]; [126.865280551252, 37.9922621683016]; [126.864779161511, 37.9918085304924]; [126.864494921172, 37.9915400811407]; [126.864254218838, 37.9913382015308]; [126.863952109577, 37.9911522878676]; [126.863733530927, 37.9910489624774]"
2380245603,장남로,30,지방도,일반도로,모두통행가능,0,0,,"[126.814034907103, 37.9761335570321]; [126.814193764045, 37.9761607121711]; [126.815315061482, 37.9761856355471]; [126.818989197946, 37.9765000635099]"
2380245602,장남로,30,지방도,일반도로,모두통행가능,0,0,,"[126.810152035692, 37.9737253962908]; [126.810455416261, 37.9739321905992]; [126.811093128045, 37.9743656630129]; [126.813336568452, 37.9759277470543]; [126.813720909752, 37.9760798813715]; [126.814034907103, 37.9761335570321]"
2380245503,장남로,30,지방도,일반도로,모두통행가능,0,0,,"[126.81400607714, 37.9762392323002]; [126.813675236158, 37.9761826774498]; [126.813259652544, 37.976018176751]; [126.81100353435, 37.9744472642848]; [126.81036637115, 37.9740141634596]; [126.810062918995, 37.9738073202801]"
2380245604,장남로,30,지방도,일반도로,모두통행가능,0,0,,"[126.818989197946, 37.9765000635099]; [126.819505437028, 37.9765442331912]; [126.820188384622, 37.9766116868326]; [126.821843504498, 37.9770798014674]; [126.822547272423, 37.9772444258424]; [126.82320091154, 37.9772855384934]; [126.823825843962, 37.9773001662083]"
2380245504,장남로,30,지방도,일반도로,모두통행가능,0,0,,"[126.818974520164, 37.9766075486515]; [126.815305788119, 37.9762935841733]; [126.814177291706, 37.9762684997809]; [126.81400607714, 37.9762392323002]"
2380245605,장남로,30,지방도,일반도로,모두통행가능,0,0,,"[126.823825843962, 37.9773001662083]; [126.826049725396, 37.9773521933478]; [126.827665303359, 37.9774189961011]; [126.827995798209, 37.9774516385976]; [126.828790721089, 37.9773552917949]"
2380245505,장남로,30,지방도,일반도로,모두통행가능,0,0,,"[126.823821807351, 37.9774082310693]; [126.823193478549, 37.9773935238332]; [126.822522239191, 37.9773513043698]; [126.821801139973, 37.9771826255263]; [126.820156570721, 37.9767174950036]; [126.819489641448, 37.9766516225702]; [126.818974520164, 37.9766075486515]"
2380245606,장남로,30,지방도,일반도로,모두통행가능,0,0,,"[126.828790721089, 37.9773552917949]; [126.828810585439, 37.9773528841099]; [126.829353161561, 37.9772771815521]; [126.829572234816, 37.9772771829322]; [126.829821736334, 37.9773559720897]; [126.830019490955, 37.9774174961698]; [126.830464988419, 37.9777144907532]; [126.831988749047, 37.9786886897402]; [126.832911885327, 37.9792544963508]"
2380245506,장남로,30,지방도,일반도로,모두통행가능,0,0,,"[126.828811394005, 37.9774621580348]; [126.827997714017, 37.9775607775935]; [126.827653270056, 37.9775267569612]; [126.826044144876, 37.9774602221519]; [126.823821807351, 37.9774082310693]"
2380245507,장남로,30,지방도,일반도로,모두통행가능,0,0,,"[126.832828262527, 37.979339976893]; [126.831904018045, 37.9787734905195]; [126.830378076958, 37.9777978971662]; [126.829948659889, 37.9775116213699]; [126.829771450422, 37.9774564901879]; [126.829545995607, 37.9773852936911]; [126.829365105711, 37.9773852927003]; [126.828832779175, 37.977459566032]; [126.828811394005, 37.9774621580348]"
2380245608,장남로,30,지방도,일반도로,모두통행가능,0,0,,"[126.836855058109, 37.9816621489649]; [126.837775468213, 37.9822215094166]; [126.838534715902, 37.9827027775134]; [126.839296902078, 37.9830609603708]; [126.840837295665, 37.984021088827]"
2380245508,장남로,30,지방도,일반도로,모두통행가능,0,0,,"[126.836771873433, 37.9817478994553]; [126.835004380621, 37.9806736963569]; [126.832828262527, 37.979339976893]"
2380277901,술이홀로,60,지방도,교량,모두통행가능,0,0,,"[126.893612326909, 37.9699925811036]; [126.893372100698, 37.9700966223538]; [126.892925737546, 37.97029020506]; [126.892527143108, 37.9704640181849]; [126.892240876117, 37.9705887959823]; [126.891954079151, 37.9707149906626]; [126.891670151137, 37.9708398430895]; [126.891525739048, 37.9709032321377]; [126.891051792473, 37.9711115737895]; [126.89069938903, 37.9712667317946]; [126.890515180159, 37.9713524894441]"
2380278001,술이홀로,60,지방도,교량,모두통행가능,0,0,,"[126.893546778957, 37.9698977350773]; [126.893652083722, 37.9698521272425]; [126.893967669981, 37.9697170315048]; [126.894279185733, 37.9695793068385]; [126.894702114224, 37.9693983903505]; [126.896035057787, 37.9688238305166]; [126.896652681978, 37.9685524638403]"
2380051401,장백로,60,시·군도,일반도로,모두통행가능,0,0,,"[126.885035542352, 37.9829173667096]; [126.885124034495, 37.9830108638159]"
2380051501,원당로,30,지방도,일반도로,모두통행가능,0,0,,"[126.885124034495, 37.9830108638159]; [126.885004914694, 37.9830428827585]"
2380051201,장백로,60,지방도,일반도로,모두통행가능,0,0,,"[126.885004914694, 37.9830428827585]; [126.884940714035, 37.982995956849]"
2380051601,원당로,30,지방도,일반도로,모두통행가능,0,0,,"[126.884940714035, 37.982995956849]; [126.885035542352, 37.9829173667096]"
2380050512,장남로,50,지방도,일반도로,모두통행가능,0,0,,"[126.852142465808, 37.9885092656141]; [126.851384203469, 37.9884056960527]; [126.850841653323, 37.9883329150059]; [126.849048165881, 37.9879125375147]"
2380050613,장남로,50,지방도,일반도로,모두통행가능,0,0,,"[126.85216770913, 37.988393501425]; [126.852750247231, 37.9884730658762]; [126.854912326453, 37.9887573935584]; [126.855295077251, 37.988816933899]"
2380050705,장남로,50,지방도,일반도로,모두통행가능,0,0,,"[126.870809813024, 37.9930152537583]; [126.870632254009, 37.9930204756584]; [126.869608425671, 37.9931937389788]; [126.86880712948, 37.9933603460951]; [126.868462306066, 37.9934013956238]; [126.868224666728, 37.993358959784]; [126.867846269336, 37.9932059906596]; [126.867187475516, 37.9929361227789]; [126.866969429877, 37.9928339142293]"
2380050804,장남로,50,지방도,일반도로,모두통행가능,0,0,,"[126.870804275858, 37.9928973427215]; [126.870902903777, 37.9928944419332]; [126.871146182999, 37.9929615541163]; [126.87166187064, 37.9931871666661]; [126.871895701998, 37.993340367063]; [126.872588101136, 37.9937888516313]; [126.873366788357, 37.9941270701347]; [126.874094891686, 37.9944278083077]; [126.87435115578, 37.9945350819803]"
2380109400,술이홀로,60,지방도,일반도로,모두통행가능,0,0,,"[126.88144133433, 37.9756416555794]; [126.881574715445, 37.9754033507739]; [126.881708467891, 37.9751924724706]; [126.881914062102, 37.9748988100537]; [126.881916077299, 37.9748962516254]; [126.882221314217, 37.9745560653587]; [126.882369744482, 37.9744113067945]"
2380052000,장백로,60,지방도,일반도로,모두통행가능,0,0,,"[126.876238831061, 37.9951897184791]; [126.876040309002, 37.9955228656558]; [126.875871865299, 37.9958331546621]; [126.875807853915, 37.9960593294294]; [126.875807853657, 37.9962126515163]"
2380050902,장백로,60,시·군도,일반도로,모두통행가능,0,0,,"[126.878975482205, 37.9811770855113]; [126.878246168729, 37.981323159275]; [126.877041446, 37.9814981481968]; [126.876703199531, 37.9815512058727]; [126.876498152177, 37.9816152839581]; [126.876271605375, 37.981738266318]; [126.875868777567, 37.9820338943843]; [126.875835476518, 37.9820605354415]"
2380051500,원당로,30,지방도,일반도로,모두통행가능,0,0,,"[126.881577705468, 37.9757087216511]; [126.881827705368, 37.9757869854283]; [126.88228593492, 37.975897592007]; [126.882545662682, 37.9759694317796]"
2380050901,장백로,60,시·군도,일반도로,모두통행가능,0,0,,"[126.881471689866, 37.9758250041746]; [126.881341633728, 37.9760211665704]; [126.880938215354, 37.97671504737]; [126.880427120353, 37.9775354874986]; [126.880239169173, 37.9778805128821]; [126.880006243722, 37.9782864680768]; [126.879998642215, 37.9783097072308]"
2380004601,장백로,60,지방도,교량,모두통행가능,0,0,,"[126.878380239494, 38.0031994754789]; [126.878360804384, 38.0031793497086]; [126.878360711176, 38.0031792559156]; [126.878360586137, 38.0031791314582]; [126.878360491792, 38.0031790367631]; [126.87829180689, 38.0031067553796]; [126.878291681854, 38.0031066300211]; [126.878291556816, 38.0031065055636]; [126.878291462521, 38.0031063802369]; [126.878231121061, 38.0030417869663]; [126.878173153698, 38.0029799106212]; [126.878112718204, 38.002917223556]; [126.878046531979, 38.0028496600761]; [126.878046501288, 38.0028496294127]; [126.877975752923, 38.0027772538064]; [126.877975690406, 38.0027771906765]; [126.877761181246, 38.0025506330264]; [126.8775883209, 38.002359083376]; [126.87741674639, 38.0021805066497]"
2380109900,술이홀로,60,지방도,일반도로,모두통행가능,0,0,,"[126.882475786879, 37.9744794390116]; [126.882330121549, 37.9746215008976]; [126.882030818344, 37.9749550751409]; [126.881829276423, 37.9752429497329]; [126.881697641996, 37.9754504905442]; [126.881561801284, 37.9756799270089]"
2380246000,술이홀로,60,시·군도,일반도로,모두통행가능,0,0,,"[126.885122215206, 37.9735799380751]; [126.885149480195, 37.9736496544033]; [126.885444742705, 37.9735996909628]; [126.88571019873, 37.9735136361752]; [126.885880347184, 37.9733736792324]; [126.886202838009, 37.9728730075277]"
2380246100,술이홀로,60,시·군도,일반도로,모두통행가능,0,0,,"[126.890168889847, 37.9689669594374]; [126.889632408675, 37.9694826266462]; [126.889096385093, 37.9700477125074]"
2380050502,장남로,50,지방도,일반도로,모두통행가능,0,0,,"[126.845987528626, 37.9871598393503]; [126.845700088842, 37.9870886992387]; [126.844902665221, 37.9869211737616]; [126.844632259786, 37.9866923696879]; [126.844429539022, 37.9864896481817]; [126.844170575304, 37.9862954259786]; [126.843842833126, 37.9860660071388]; [126.843561586033, 37.9858763280233]; [126.843061936413, 37.9855739082405]; [126.841485383586, 37.9845471619321]"
2380109200,술이홀로,60,지방도,일반도로,모두통행가능,0,0,,"[126.885077706619, 37.9734779101293]; [126.885339053306, 37.9734064684721]; [126.885545371177, 37.9733430112601]; [126.885727319394, 37.9732853761698]; [126.885936210793, 37.9732051444938]; [126.886169079101, 37.9731112036259]; [126.886381351543, 37.9730261003795]; [126.886537500546, 37.9729567449977]; [126.886798601401, 37.9728406815638]; [126.887118839568, 37.9726965714987]; [126.887431068887, 37.9725575990248]; [126.88789882908, 37.9723528869798]; [126.888637424862, 37.9720338492907]"
2380109700,술이홀로,60,지방도,일반도로,모두통행가능,0,0,,"[126.888702843582, 37.9721287517376]; [126.887964576704, 37.9724476467166]; [126.887497575717, 37.9726520264003]; [126.887186055649, 37.9727906835009]; [126.886865784174, 37.9729348090303]; [126.886604328895, 37.973051029933]; [126.886445647993, 37.9731215091248]; [126.886230938271, 37.9732075903438]; [126.885997032264, 37.9733019501617]; [126.885782567384, 37.9733843216546]; [126.88559547327, 37.9734435870183]; [126.885386042047, 37.9735080016784]; [126.885122215206, 37.9735799380751]"
2380004501,장백로,60,지방도,교량,모두통행가능,0,0,,"[126.877522107362, 38.0021199377516]; [126.877793885383, 38.0024244901603]; [126.877924698347, 38.0025553039124]; [126.878083846995, 38.002711130545]; [126.878154532833, 38.0027834744898]; [126.878220874878, 38.0028511623992]; [126.878221187417, 38.0028515059767]; [126.878282060577, 38.0029146312911]; [126.878282623191, 38.0029152246844]; [126.878340903136, 38.0029774445534]; [126.878340964516, 38.002977506781]; [126.878401151379, 38.0030419755079]; [126.878469523837, 38.0031138826202]; [126.878488829475, 38.0031339986628]"
2380109500,술이홀로,60,지방도,일반도로,모두통행가능,0,0,,"[126.890515180159, 37.9713524894441]; [126.890435926183, 37.9713855132846]"
2380109600,술이홀로,60,지방도,일반도로,모두통행가능,0,0,,"[126.890435926183, 37.9713855132846]; [126.890122509386, 37.9715152304125]; [126.889432128516, 37.9718143862588]; [126.888721026628, 37.9721208970795]; [126.888702843582, 37.9721287517376]"
2380245900,술이홀로,60,시·군도,일반도로,모두통행가능,0,0,,"[126.887682104116, 37.9716432606134]; [126.887094577791, 37.9723247618757]; [126.886763145049, 37.972596696335]; [126.886403247221, 37.972836619232]; [126.88633674501, 37.9729031186436]; [126.886324508365, 37.9729221164311]"
2380246300,술이홀로60번길,60,시·군도,일반도로,모두통행가능,0,0,,"[126.889387321842, 37.9726751562196]; [126.888599818699, 37.972200159092]; [126.887682104116, 37.9716432606134]"
2380109100,술이홀로,60,지방도,일반도로,모두통행가능,0,0,,"[126.888637424862, 37.9720338492907]; [126.888655609723, 37.9720259948244]; [126.889366685911, 37.9717194951808]; [126.890058077433, 37.9714199019033]; [126.890372648538, 37.9712897058673]"
2380051300,장백로,60,시·군도,일반도로,모두통행가능,0,0,,"[126.884940714035, 37.982995956849]; [126.884880083412, 37.9829501260065]; [126.884468085395, 37.9823162832763]; [126.884352212997, 37.9822260375999]"
2380109800,술이홀로,60,지방도,일반도로,모두통행가능,0,0,,"[126.884992261719, 37.9736132188586]; [126.884809402037, 37.9736569455763]; [126.88411794665, 37.9737907117936]; [126.883814028555, 37.9738519799724]; [126.883591975141, 37.9739069732236]; [126.883424291694, 37.973956343763]"
2380245800,-,10,시·군도,일반도로,모두통행가능,0,0,도로명없음,"[126.846120715407, 37.9871928022577]; [126.845917496551, 37.9874810413351]"
2380109300,술이홀로,60,지방도,일반도로,모두통행가능,0,0,,"[126.882369744482, 37.9744113067945]; [126.882406214636, 37.9743757394161]; [126.88262270353, 37.9742093767285]; [126.88275861342, 37.9741236128069]; [126.882934478464, 37.9740269133296]; [126.883144197657, 37.9739338923978]; [126.883364327085, 37.9738586505153]; [126.883376680311, 37.9738550134221]"
2380109000,술이홀로,60,지방도,일반도로,모두통행가능,0,0,,"[126.890372648538, 37.9712897058673]; [126.890449084012, 37.9712580701794]"
2380246600,장백로,60,시·군도,일반도로,모두통행가능,0,0,,"[126.87907099893, 37.9810478332247]; [126.879796148581, 37.9809774712116]; [126.881070906328, 37.980852506289]"
2380246500,장백로,60,시·군도,일반도로,모두통행가능,0,0,,"[126.882657608794, 37.9808555131413]; [126.882625861784, 37.980833882399]; [126.882493645037, 37.9808271015138]; [126.88241238552, 37.980834839498]; [126.882412255477, 37.9808348517659]"
2380051400,장백로,60,시·군도,일반도로,모두통행가능,0,0,,"[126.882754390806, 37.9807804257802]; [126.883169373963, 37.9811551093182]; [126.883729852356, 37.9815892831953]; [126.883854041839, 37.9816860086701]"
2380051002,장백로,60,시·군도,일반도로,모두통행가능,0,0,,"[126.878938276745, 37.9810607108955]; [126.87904979939, 37.9807149881131]; [126.87965559045, 37.9789649281]; [126.879878002591, 37.9782849831137]"
2380050602,장남로,50,지방도,일반도로,모두통행가능,0,0,,"[126.846164587055, 37.9870817647436]; [126.846713601941, 37.987217639477]; [126.848285810133, 37.987612336838]; [126.849089966866, 37.9878008342546]"
2380050501,장남로,50,지방도,일반도로,모두통행가능,0,0,,"[126.863641727773, 37.9910189820129]; [126.862893139282, 37.9908067433568]; [126.862835602541, 37.990789854853]"
2380050700,장남로,50,지방도,일반도로,모두통행가능,0,0,,"[126.876123005847, 37.9951464946204]; [126.875996540748, 37.9951023258945]; [126.875381079614, 37.9949602960774]; [126.874733684206, 37.9947839504538]; [126.874389245027, 37.9946798176074]; [126.874283890434, 37.994635715911]"
2380050800,장남로,50,지방도,일반도로,모두통행가능,0,0,,"[126.863806735824, 37.9909519698703]; [126.864012701664, 37.9910493329624]; [126.864328225099, 37.9912435009542]; [126.864578460374, 37.9914533763366]; [126.864864341695, 37.9917233751738]; [126.865360665868, 37.9921724301029]; [126.865544346093, 37.9923101915287]; [126.865810844475, 37.9924472471571]; [126.866308825476, 37.9925795239259]; [126.866979567913, 37.99270728404]; [126.867042224176, 37.9927366543135]"
2380245600,장남로,30,지방도,일반도로,모두통행가능,0,0,,"[126.8055816377, 37.9727612454282]; [126.805848635548, 37.972785518766]; [126.806009384813, 37.9727702113501]; [126.806647315518, 37.9726117785697]; [126.806861944389, 37.9725938944783]; [126.80712501368, 37.9726202026852]; [126.809112114689, 37.9730729624111]; [126.809337556782, 37.973170210692]; [126.810152035692, 37.9737253962908]"
2380245500,장남로,30,지방도,일반도로,모두통행가능,0,0,,"[126.841485383586, 37.9845471619321]; [126.840753753181, 37.9841066272703]; [126.84075323816, 37.9841063062645]"
2380050601,장남로,50,지방도,일반도로,모두통행가능,0,0,,"[126.84157084747, 37.9844616011268]; [126.843129279599, 37.985475095683]; [126.843629772372, 37.9857780253313]; [126.843914392962, 37.9859699791091]; [126.844244640082, 37.9862011506778]; [126.8445120662, 37.9864017201541]; [126.844717297351, 37.9866069530266]; [126.844960122381, 37.9868124197854]; [126.845728707831, 37.9869738870355]; [126.846031400623, 37.9870488020906]"
2380051600,원당로,30,지방도,일반도로,모두통행가능,0,0,,"[126.885035542352, 37.9829173667096]; [126.885060192774, 37.9828704516673]; [126.885521853571, 37.9816765014877]; [126.885552921942, 37.9816402554412]"
2380051900,장백로,60,지방도,일반도로,모두통행가능,0,0,,"[126.87741674639, 38.0021805066497]; [126.877164857297, 38.001896183446]; [126.876825429087, 38.0014283229999]; [126.876640614724, 38.0010633143898]; [126.876484874379, 38.0006327375722]; [126.87627603282, 37.9999253987471]; [126.876067194307, 37.9991990039204]; [126.876059278955, 37.9991633848617]"
2380246200,술이홀로,60,시·군도,일반도로,모두통행가능,0,0,,"[126.887648057793, 37.9714921464348]; [126.888873018838, 37.9701095751448]; [126.888873167175, 37.9701094103346]"
2380050603,장남로,50,지방도,일반도로,모두통행가능,0,0,,"[126.863691104925, 37.9909099006701]; [126.863806735824, 37.9909519698703]"
2380050903,장백로,60,시·군도,일반도로,모두통행가능,0,0,,"[126.863806735824, 37.9909519698703]; [126.863733530927, 37.9910489624774]"
2380050701,장남로,50,지방도,일반도로,모두통행가능,0,0,,"[126.863733530927, 37.9910489624774]; [126.863641727773, 37.9910189820129]"
2380051003,장백로,60,시·군도,일반도로,모두통행가능,0,0,,"[126.863641727773, 37.9910189820129]; [126.863691104925, 37.9909099006701]"
2380246101,술이홀로,60,시·군도,일반도로,모두통행가능,0,0,,"[126.887759868305, 37.9715542274576]; [126.887682104116, 37.9716432606134]"
2380246301,술이홀로60번길,60,시·군도,일반도로,모두통행가능,0,0,,"[126.887682104116, 37.9716432606134]; [126.887569299476, 37.9715823190662]"
2380246001,술이홀로,60,시·군도,일반도로,모두통행가능,0,0,,"[126.887569299476, 37.9715823190662]; [126.887648057793, 37.9714921464348]"
2380246401,술이홀로60번길,60,시·군도,일반도로,모두통행가능,0,0,,"[126.887648057793, 37.9714921464348]; [126.887759868305, 37.9715542274576]"
2380245700,-,10,시·군도,일반도로,모두통행가능,0,0,도로명없음,"[126.843774621645, 37.990320469811]; [126.844250447859, 37.9906132833254]; [126.844276302696, 37.9906182087096]; [126.844333040258, 37.9905479644175]; [126.84446504917, 37.9902359604513]; [126.844489846129, 37.9899384511283]; [126.844580328615, 37.9896368617974]; [126.844734640519, 37.9893796869347]; [126.845060340373, 37.9889370884363]; [126.84510562596, 37.988869162974]; [126.84512736497, 37.988796703641]; [126.845139688475, 37.9886652723166]; [126.84520410993, 37.9883560739986]; [126.845358647308, 37.9880813529318]; [126.845797562722, 37.9874292815566]; [126.84579789912, 37.9874288044209]"
2380051001,장백로,60,시·군도,일반도로,모두통행가능,0,0,,"[126.863691104925, 37.9909099006701]; [126.863756282085, 37.9906591865624]; [126.863878433754, 37.9899873510669]; [126.863893552364, 37.989955854363]"
2380050904,장백로,30,지방도,일반도로,모두통행가능,0,0,,"[126.881471689866, 37.9758250041746]; [126.881427684093, 37.9758249631176]; [126.881390180133, 37.9758166543605]; [126.881365271299, 37.9757999397932]; [126.881354490012, 37.9757820335748]"
2380051602,원당로,30,지방도,일반도로,모두통행가능,0,0,,"[126.881526640883, 37.9758168976969]; [126.881490192572, 37.9758250214326]; [126.881471689866, 37.9758250041746]"
2380051502,원당로,30,지방도,일반도로,모두통행가능,0,0,,"[126.881577705468, 37.9757087216511]; [126.881577740906, 37.9757583363231]; [126.881565234385, 37.9757833261779]; [126.881552683575, 37.9758000240145]; [126.881527722602, 37.9758166565991]; [126.881526640883, 37.9758168976969]"
2380109901,술이홀로,30,지방도,일반도로,모두통행가능,0,0,,"[126.881561801284, 37.9756799270089]; [126.881565162946, 37.9756832836257]; [126.881577705177, 37.9757083150469]; [126.881577705468, 37.9757087216511]"
2380109401,술이홀로,30,지방도,일반도로,모두통행가능,0,0,,"[126.88144133433, 37.9756416555794]; [126.881490250788, 37.9756417012103]; [126.881502661672, 37.9756416763404]; [126.88154020908, 37.9756583672024]; [126.881561801284, 37.9756799270089]"
2380051004,장백로,30,지방도,일반도로,모두통행가능,0,0,,"[126.881354490012, 37.9757820335748]; [126.881340229703, 37.9757583491708]; [126.881340194136, 37.975708327896]; [126.881365251555, 37.9756666402499]; [126.881427742464, 37.9756416428968]; [126.88144133433, 37.9756416555794]"
2380109701,술이홀로,60,지방도,일반도로,모두통행가능,0,0,,"[126.885122215206, 37.9735799380751]; [126.884992261719, 37.9736132188586]"
2380245901,술이홀로,60,시·군도,일반도로,모두통행가능,0,0,,"[126.884992261719, 37.9736132188586]; [126.884952885269, 37.9735097982086]"
2380109301,술이홀로,60,지방도,일반도로,모두통행가능,0,0,,"[126.884952885269, 37.9735097982086]; [126.885077706619, 37.9734779101293]"
2380246002,술이홀로,60,시·군도,일반도로,모두통행가능,0,0,,"[126.885077706619, 37.9734779101293]; [126.885122215206, 37.9735799380751]"
2380051901,장백로,60,지방도,일반도로,모두통행가능,0,0,,"[126.876123005847, 37.9951464946204]; [126.876186330412, 37.9950429926055]"
2380050801,장남로,50,지방도,일반도로,모두통행가능,0,0,,"[126.876186330412, 37.9950429926055]; [126.876301242905, 37.995088711598]"
2380051101,장백로,60,지방도,일반도로,모두통행가능,0,0,,"[126.876301242905, 37.995088711598]; [126.876238831061, 37.9951897184791]"
2380050702,장남로,50,지방도,일반도로,모두통행가능,0,0,,"[126.876238831061, 37.9951897184791]; [126.876123005847, 37.9951464946204]"
2380277900,술이홀로,60,지방도,교량,모두통행가능,0,0,,"[126.896719298384, 37.968646801219]; [126.896100848044, 37.9689185713901]; [126.894767229132, 37.969493421456]; [126.894344945929, 37.9696740639697]; [126.894033446984, 37.9698117789127]; [126.89371733888, 37.9699471004874]; [126.893612326909, 37.9699925811036]"
2380051100,장백로,60,지방도,일반도로,모두통행가능,0,0,,"[126.885124034495, 37.9830108638159]; [126.885179147201, 37.9831393094555]; [126.885282778694, 37.983297225755]"
2380050503,장남로,50,지방도,일반도로,모두통행가능,0,0,,"[126.846120715407, 37.9871928022577]; [126.845987528626, 37.9871598393503]"
2380245701,-,10,시·군도,일반도로,모두통행가능,0,0,도로명없음,"[126.845987528626, 37.9871598393503]; [126.846031400623, 37.9870488020906]"
2380050604,장남로,50,지방도,일반도로,모두통행가능,0,0,,"[126.846031400623, 37.9870488020906]; [126.846164587055, 37.9870817647436]"
2380245801,-,10,시·군도,일반도로,모두통행가능,0,0,도로명없음,"[126.846164587055, 37.9870817647436]; [126.846120715407, 37.9871928022577]"
2380051005,장백로,60,시·군도,일반도로,모두통행가능,0,0,,"[126.878938276745, 37.9810607108955]; [126.87907099893, 37.9810478332247]"
2380050905,장백로,60,시·군도,일반도로,모두통행가능,0,0,,"[126.87907099893, 37.9810478332247]; [126.879087618294, 37.9811551422356]"
2380246501,장백로,60,시·군도,일반도로,모두통행가능,0,0,,"[126.879087618294, 37.9811551422356]; [126.878975482205, 37.9811770855113]"
2380051006,장백로,60,시·군도,일반도로,모두통행가능,0,0,,"[126.878975482205, 37.9811770855113]; [126.878938276745, 37.9810607108955]"
2380051503,원당로,30,지방도,일반도로,모두통행가능,0,0,,"[126.885661953837, 37.981698804688]; [126.885629703988, 37.9817364291795]; [126.885172834347, 37.9829179876285]; [126.885124034495, 37.9830108638159]"
2380051603,원당로,30,지방도,일반도로,모두통행가능,0,0,,"[126.885552921942, 37.9816402554412]; [126.886003717028, 37.9811143284771]; [126.886443929308, 37.9806123306288]; [126.88646366009, 37.9804781639543]; [126.88641233484, 37.9802508632949]; [126.886070229084, 37.979621079081]; [126.885807161084, 37.9792922441667]"
2380051007,장백로,60,시·군도,일반도로,모두통행가능,0,0,,"[126.873559778046, 37.9858594460683]; [126.873671688191, 37.9857755127702]; [126.874350789471, 37.9852308885098]; [126.874721158908, 37.984935895799]"
2380050906,장백로,60,시·군도,일반도로,모두통행가능,0,0,,"[126.873654291035, 37.9859383843603]; [126.873448651605, 37.9860926142874]; [126.873257452694, 37.9861988354061]; [126.872718460046, 37.9863625796022]; [126.872588129959, 37.9863981166447]"
2380246400,술이홀로60번길,60,시·군도,일반도로,모두통행가능,0,0,,"[126.887759868305, 37.9715542274576]; [126.888682748689, 37.9721142606259]; [126.889470093398, 37.9725891624582]"
2380051008,장백로,60,시·군도,일반도로,모두통행가능,0,0,,"[126.867146139074, 37.9884729968702]; [126.867725285472, 37.9882538595428]; [126.868115100982, 37.9881194405673]; [126.868413359459, 37.9880001373253]; [126.869282289771, 37.9875358124099]; [126.869840222849, 37.987246763858]; [126.870122866398, 37.9870862809106]"
2380050907,장백로,60,시·군도,일반도로,모두통행가능,0,0,,"[126.867208530481, 37.9885762799372]; [126.867021557691, 37.9886470258914]; [126.866448549259, 37.9888425227701]; [126.865174628342, 37.9892806433154]; [126.865017967297, 37.9893235390393]"
2380051202,장백로,60,지방도,일반도로,모두통행가능,0,0,,"[126.882137285607, 37.9898472559053]; [126.882251724729, 37.9897557040232]; [126.882775727005, 37.9893848719395]; [126.883110332642, 37.9892787780082]; [126.883763081115, 37.9890877293718]; [126.884248583198, 37.9889922212078]; [126.884589841078, 37.9889211262003]"
2380051102,장백로,60,지방도,일반도로,모두통행가능,0,0,,"[126.882234373477, 37.9899232687544]; [126.881956981678, 37.9901451808803]; [126.881741386535, 37.9903905129211]; [126.881722638599, 37.9904905060245]"
2380109801,술이홀로,60,지방도,일반도로,모두통행가능,0,0,,"[126.883424291694, 37.973956343763]; [126.8834152361, 37.973959009966]; [126.883204808543, 37.9740309353307]; [126.883006985301, 37.9741186797239]; [126.882840226321, 37.9742103719828]; [126.882713051206, 37.9742906237895]; [126.882507154225, 37.9744488473812]; [126.882475786879, 37.9744794390116]"
2380109302,술이홀로,60,지방도,일반도로,모두통행가능,0,0,,"[126.883376680311, 37.9738550134221]; [126.88354774869, 37.9738046465197]; [126.883776759627, 37.9737479304337]; [126.884084881748, 37.9736858151107]; [126.884773459305, 37.9735526057453]; [126.884952885269, 37.9735097982086]"
2380051103,장백로,60,지방도,일반도로,모두통행가능,0,0,,"[126.878553342571, 37.9937556691517]; [126.878140735537, 37.9938765330145]; [126.878027055275, 37.9938873600399]"
2380051203,장백로,60,지방도,일반도로,모두통행가능,0,0,,"[126.878502573582, 37.9936471259246]; [126.87888905093, 37.9935339147025]; [126.879268829566, 37.9933440260381]; [126.879443715005, 37.993138724907]; [126.879791517252, 37.9927593037234]; [126.880053251549, 37.9924325332936]; [126.880250102415, 37.9922274794609]; [126.880545094701, 37.9920390129326]; [126.881007611711, 37.9918316777049]; [126.881320414431, 37.9916790914682]; [126.881378833755, 37.9916130521253]"
2380050605,장남로,50,지방도,일반도로,모두통행가능,0,0,,"[126.859592299452, 37.9897814667218]; [126.861605443899, 37.9903053261183]; [126.861738255717, 37.9903443115286]"
2380050504,장남로,50,지방도,일반도로,모두통행가능,0,0,,"[126.859546445553, 37.9898918318694]; [126.858917303997, 37.9897281082111]; [126.8586611712, 37.9896622167843]"
2380051200,장백로,60,지방도,일반도로,모두통행가능,0,0,,"[126.876186330412, 37.9950429926055]; [126.876404510209, 37.9946995622269]; [126.876676898526, 37.994210866684]; [126.876829723402, 37.9940580417264]; [126.876998924229, 37.9939480602978]; [126.877282379805, 37.9938396808227]; [126.8780092766, 37.9937704526786]"
2380051604,원당로,30,지방도,일반도로,모두통행가능,0,0,,"[126.885339180174, 37.9789599767789]; [126.885146813932, 37.9788096907117]; [126.884898923683, 37.9785763817986]"
2380051504,원당로,30,지방도,일반도로,모두통행가능,0,0,,"[126.885435324244, 37.9788828726414]; [126.885478362501, 37.9789164960597]; [126.885880132115, 37.9791896996357]; [126.885917802882, 37.9792367884948]"
2380246502,장백로,60,시·군도,일반도로,모두통행가능,0,0,,"[126.881087623825, 37.9809598057633]; [126.879812852492, 37.9810847721549]; [126.879087618294, 37.9811551422356]"
2380246601,장백로,60,시·군도,일반도로,모두통행가능,0,0,,"[126.881070906328, 37.980852506289]; [126.881071146906, 37.9808524827037]; [126.882396090647, 37.9807274995338]"
2380050606,장남로,50,지방도,일반도로,모두통행가능,0,0,,"[126.862886455309, 37.9906813445834]; [126.862928658952, 37.9906937324209]; [126.863691104925, 37.9909099006701]"
2380050505,장남로,50,지방도,일반도로,모두통행가능,0,0,,"[126.862835602541, 37.990789854853]; [126.861687401623, 37.9904528210326]"
2380050506,장남로,50,지방도,일반도로,모두통행가능,0,0,,"[126.849048165881, 37.9879125375147]; [126.848255548531, 37.9877267448189]; [126.846682576911, 37.9873318577694]; [126.846120715407, 37.9871928022577]"
2380050607,장남로,50,지방도,일반도로,모두통행가능,0,0,,"[126.849089966866, 37.9878008342546]; [126.850864906817, 37.9882168640956]; [126.851401456378, 37.9882888401314]; [126.85216770913, 37.988393501425]"
2380246003,술이홀로,60,시·군도,일반도로,모두통행가능,0,0,,"[126.886202838009, 37.9728730075277]; [126.886221239821, 37.972844438213]; [126.88630472498, 37.9727609555721]; [126.886669766576, 37.9725176053732]; [126.886988279254, 37.9722562726574]; [126.887569299476, 37.9715823190662]"
2380245902,술이홀로,60,시·군도,일반도로,모두통행가능,0,0,,"[126.886324508365, 37.9729221164311]; [126.885992810256, 37.9734370842406]; [126.885788623909, 37.973605039034]; [126.88548521713, 37.9737033971394]; [126.885055937637, 37.973776037826]; [126.884992261719, 37.9736132188586]"
2380051605,원당로,30,지방도,일반도로,모두통행가능,0,0,,"[126.883088257382, 37.9764322971779]; [126.88300157482, 37.9763477812975]; [126.882741653694, 37.9761643079163]; [126.882736079625, 37.9761619431575]"
2380051505,원당로,30,지방도,일반도로,모두통행가능,0,0,,"[126.883192267612, 37.9763654559388]; [126.883404251028, 37.9765721385616]; [126.883880404954, 37.9771256693177]"
2380052001,장백로,60,지방도,일반도로,모두통행가능,0,0,,"[126.875807853657, 37.9962126515163]; [126.87580785353, 37.9962884412237]; [126.87583394183, 37.9965408106807]"
2380051902,장백로,60,지방도,일반도로,모두통행가능,0,0,,"[126.875685084647, 37.9962126512832]; [126.875685085367, 37.9960434577846]; [126.875756918316, 37.995789647222]; [126.875932615276, 37.9954659953326]; [126.876123005847, 37.9951464946204]"
2380050917,장백로,60,시·군도,일반도로,모두통행가능,0,0,,"[126.879998642215, 37.9783097072308]; [126.879772365365, 37.9790014685998]; [126.879166652261, 37.9807513076559]; [126.87907099893, 37.9810478332247]"
2380051018,장백로,60,시·군도,일반도로,모두통행가능,0,0,,"[126.879878002591, 37.9782849831137]; [126.879892852319, 37.978239584953]; [126.880131066465, 37.9778244107224]; [126.880320027169, 37.9774775324167]; [126.88083198109, 37.9766557142881]; [126.881236231022, 37.9759604031038]; [126.881354490012, 37.9757820335748]"
2380051506,원당로,30,지방도,일반도로,모두통행가능,0,0,,"[126.884159569344, 37.9774398523417]; [126.884349830462, 37.9776447493219]; [126.884364916055, 37.977667049901]"
2380051606,원당로,30,지방도,일반도로,모두통행가능,0,0,,"[126.884052628819, 37.9775020704804]; [126.883945527675, 37.9773867303819]; [126.883771466025, 37.9771843853923]"
2380051507,원당로,30,지방도,일반도로,모두통행가능,0,0,,"[126.885917802882, 37.9792367884948]; [126.886174061453, 37.9795571125127]; [126.886528772054, 37.9802101021882]; [126.886588304112, 37.9804737407971]; [126.886560525101, 37.9806626421639]; [126.886098044246, 37.9811900323717]; [126.885661953837, 37.981698804688]"
2380051607,원당로,30,지방도,일반도로,모두통행가능,0,0,,"[126.885807161084, 37.9792922441667]; [126.88579403766, 37.9792758397985]; [126.885403969942, 37.9790105935559]; [126.885339180174, 37.9789599767789]"
2380051104,장백로,60,지방도,일반도로,모두통행가능,0,0,,"[126.885610741921, 37.9848562714017]; [126.885590004504, 37.9850066119574]; [126.885689632608, 37.9861118388917]"
2380051204,장백로,60,지방도,일반도로,모두통행가능,0,0,,"[126.885488352883, 37.9848456965377]; [126.885498884718, 37.9847693404925]; [126.885522255946, 37.9844888951823]; [126.885514559146, 37.9841795249442]; [126.88540722952, 37.9837195399335]; [126.885403659823, 37.9837138609005]"
2380050608,장남로,50,지방도,일반도로,모두통행가능,0,0,,"[126.857963368279, 37.9893604980807]; [126.858706565991, 37.9895516928557]"
2380050507,장남로,50,지방도,일반도로,모두통행가능,0,0,,"[126.857917972614, 37.9894710214524]; [126.857333055387, 37.9893205415948]; [126.856616417475, 37.9891708543039]"
2380051105,장백로,60,지방도,일반도로,모두통행가능,0,0,,"[126.88462740991, 37.9890340779078]; [126.88427407754, 37.9891076879547]; [126.883793539532, 37.9892022209136]; [126.883147677024, 37.9893912539666]; [126.882832977368, 37.9894910369936]; [126.882327591005, 37.9898486947239]; [126.882234373477, 37.9899232687544]"
2380051205,장백로,60,지방도,일반도로,모두통행가능,0,0,,"[126.884589841078, 37.9889211262003]; [126.88500436341, 37.9888347663297]; [126.885357851004, 37.9887118145212]; [126.885510984996, 37.9886143649458]; [126.885667487539, 37.9882715517309]; [126.885729248137, 37.9879901965482]"
2380051402,장백로,60,시·군도,일반도로,모두통행가능,0,0,,"[126.883854041839, 37.9816860086701]; [126.884448239468, 37.9821487965205]"
2380051301,장백로,60,시·군도,일반도로,모두통행가능,0,0,,"[126.883758015277, 37.9817632493282]; [126.883652563867, 37.9816811180391]; [126.88308863605, 37.9812442718116]; [126.882657608794, 37.9808555131413]"
2380051206,장백로,60,지방도,일반도로,모두통행가능,0,0,,"[126.881600568307, 37.9904761707695]; [126.881626419858, 37.9903382928562]; [126.88187009104, 37.9900610115967]; [126.882137285607, 37.9898472559053]"
2380051106,장백로,60,지방도,일반도로,모두통행가능,0,0,,"[126.881722638599, 37.9904905060245]; [126.881721250293, 37.9904979106164]; [126.881696841178, 37.9909567982807]"
2380051207,장백로,60,지방도,일반도로,모두통행가능,0,0,,"[126.88556702812, 37.9861187620081]; [126.88546653174, 37.9850038998125]; [126.885488352883, 37.9848456965377]"
2380051107,장백로,60,지방도,일반도로,모두통행가능,0,0,,"[126.885689632608, 37.9861118388917]; [126.88582695251, 37.9876351466897]; [126.885859481942, 37.9879685758618]; [126.885851059562, 37.988006945075]"
2380051108,장백로,60,지방도,일반도로,모두통행가능,0,0,,"[126.878027055275, 37.9938873600399]; [126.877311883027, 37.9939554711884]; [126.877056889104, 37.994052969325]; [126.876909355688, 37.9941488658523]; [126.876777120951, 37.9942811010116]; [126.876511059079, 37.9947584463028]; [126.876301242905, 37.995088711598]"
2380051208,장백로,60,지방도,일반도로,모두통행가능,0,0,,"[126.8780092766, 37.9937704526786]; [126.878116382132, 37.9937602517789]; [126.878502573582, 37.9936471259246]"
2380050908,장백로,60,시·군도,일반도로,모두통행가능,0,0,,"[126.870793664763, 37.9868733898473]; [126.87068922351, 37.9869018734689]; [126.87020495503, 37.9871768409471]"
2380051009,장백로,60,시·군도,일반도로,모두통행가능,0,0,,"[126.870745909081, 37.9867637044758]; [126.870944527695, 37.9867095357313]; [126.871711815245, 37.9865143487409]; [126.871795491208, 37.9864915336104]"
2380051508,원당로,30,지방도,일반도로,모두통행가능,0,0,,"[126.885001805947, 37.9785078937011]; [126.885228743723, 37.9787214820155]; [126.885435324244, 37.9788828726414]"
2380051608,원당로,30,지방도,일반도로,모두통행가능,0,0,,"[126.884898923683, 37.9785763817986]; [126.884873342677, 37.9785523053977]; [126.884615670087, 37.9782543713563]; [126.884252013222, 37.9777167916744]"
2380051509,원당로,30,지방도,일반도로,모두통행가능,0,0,,"[126.882545662682, 37.9759694317796]; [126.882663118369, 37.976001919369]; [126.882803703507, 37.9760615616193]; [126.882813091039, 37.9760681881723]"
2380051609,원당로,30,지방도,일반도로,모두통행가능,0,0,,"[126.882497336512, 37.9760789066575]; [126.882253789985, 37.9760115422397]; [126.881793489129, 37.9759004352403]; [126.881526640883, 37.9758168976969]"
2380051610,원당로,30,지방도,일반도로,모두통행가능,0,0,,"[126.882736079625, 37.9761619431575]; [126.882620932979, 37.9761130929204]; [126.882497336512, 37.9760789066575]"
2380051510,원당로,30,지방도,일반도로,모두통행가능,0,0,,"[126.882813091039, 37.9760681881723]; [126.883082230776, 37.9762581700402]; [126.883192267612, 37.9763654559388]"
2380051010,장백로,60,시·군도,일반도로,모두통행가능,0,0,,"[126.872540383244, 37.9862884277165]; [126.87268297815, 37.9862495464276]; [126.873207415906, 37.9860902237872]; [126.873379669774, 37.9859945277534]; [126.873559778046, 37.9858594460683]"
2380050909,장백로,60,시·군도,일반도로,모두통행가능,0,0,,"[126.872588129959, 37.9863981166447]; [126.871843236941, 37.9866012228317]"
2380050910,장백로,60,시·군도,일반도로,모두통행가능,0,0,,"[126.87020495503, 37.9871768409471]; [126.869900803331, 37.9873495361009]; [126.869341461425, 37.9876393167274]; [126.868467171509, 37.9881065037402]; [126.868159678623, 37.9882295013928]; [126.867768747476, 37.9883643048573]; [126.867208530481, 37.9885762799372]"
2380051011,장백로,60,시·군도,일반도로,모두통행가능,0,0,,"[126.870122866398, 37.9870862809106]; [126.870640216953, 37.986792529449]; [126.870745909081, 37.9867637044758]"
2380278000,술이홀로,60,지방도,교량,모두통행가능,0,0,,"[126.890449084012, 37.9712580701794]; [126.890631364696, 37.9711729732872]; [126.890985412294, 37.9710170926562]; [126.891459438166, 37.9708087153041]; [126.891603924151, 37.9707452930697]; [126.891887761945, 37.9706204812596]; [126.89217476592, 37.9704941950333]; [126.892461271802, 37.9703693131047]; [126.892859984316, 37.9701954489543]; [126.893306483719, 37.9700018071562]; [126.893546778957, 37.9698977350773]"
2380051209,장백로,60,지방도,일반도로,모두통행가능,0,0,,"[126.885168379479, 37.9833442564096]; [126.885069717531, 37.9831939134588]; [126.885004914694, 37.9830428827585]"
2380051109,장백로,60,지방도,일반도로,모두통행가능,0,0,,"[126.885282778694, 37.983297225755]; [126.88534293496, 37.9833888930472]; [126.885518722128, 37.9836685526159]"
2380050609,장남로,50,지방도,일반도로,모두통행가능,0,0,,"[126.856654076472, 37.9890579273839]; [126.857362177164, 37.9892058317083]; [126.857963368279, 37.9893604980807]"
2380050508,장남로,50,지방도,일반도로,모두통행가능,0,0,,"[126.856616417475, 37.9891708543039]; [126.856076057163, 37.9890579835954]; [126.85526648756, 37.9889320520079]"
2380246201,술이홀로,60,시·군도,일반도로,모두통행가능,0,0,,"[126.888873167175, 37.9701094103346]; [126.888985648256, 37.9699844378356]"
2380246102,술이홀로,60,시·군도,일반도로,모두통행가능,0,0,,"[126.888984537555, 37.9701719836056]; [126.887759868305, 37.9715542274576]"
2380246602,장백로,60,시·군도,일반도로,모두통행가능,0,0,,"[126.882396090647, 37.9807274995338]; [126.882396145763, 37.9807274943343]; [126.882489870705, 37.9807185687734]; [126.882682623778, 37.9807284552057]; [126.882754390806, 37.9807804257802]"
2380246503,장백로,60,시·군도,일반도로,모두통행가능,0,0,,"[126.882412255477, 37.9808348517659]; [126.881087623825, 37.9809598057633]"
