id,lat,lon
228001155,37.2720333,127.22135
228001154,37.2720667,127.2217167
228002003,37.1565333,127.3925667
228001673,37.22085,127.1092333
228001380,37.3351,127.1026167
228000981,37.3355333,127.10295
228000862,37.3163167,127.07165
228001037,37.3117833,127.0777833
228001047,37.31225,127.0782
228000858,37.3153167,127.0761667
228000863,37.31545,127.0762
228000857,37.3132,127.0774
228000864,37.3134167,127.0774833
228000859,37.3159833,127.07195
228000956,37.3247667,127.0734167
228000967,37.3248333,127.07395
228000861,37.3172667,127.0689
228003388,37.3248667,127.077
228003387,37.3245833,127.0771667
228003383,37.3280833,127.0732167
228003385,37.3277333,127.0743833
228001478,37.1405,127.1650833
228001464,37.1405,127.1652167
228002016,37.1216333,127.34145
228000002,37.2449167,127.0681167
228003329,37.2454833,127.07375
228003328,37.24535,127.0736
228001146,37.2447667,127.0682667
228003395,37.3441167,127.05895
228003491,37.3327167,127.13665
228001448,37.19735,127.3702667
277101626,37.19705,127.3685333
228000639,37.1389167,127.3709333
228001237,37.1389333,127.3710333
277101804,37.1360833,127.3716
228001618,37.1728333,127.3224333
228001617,37.1729167,127.32235
228000544,37.1800167,127.3367667
228000569,37.1796333,127.3368333
277102216,37.1777167,127.3336667
277102217,37.17595,127.3273667
228001619,37.1778333,127.3393333
277102131,37.1797333,127.3502333
228000545,37.1768,127.3417
228000568,37.1767,127.3416167
228000567,37.1739333,127.3460333
228000546,37.1743167,127.34585
228001948,37.1952,127.3658333
228000492,37.1959833,127.3666167
228000491,37.1960333,127.3664333
228002346,37.1154167,127.1277667
228002345,37.1154167,127.1276833
228000805,37.2836167,127.11105
228000811,37.2832167,127.11145
228003284,37.2707833,127.134
228002151,37.3204833,127.25565
228002152,37.3204833,127.2555167
228000338,37.3232667,127.24405
228000303,37.32355,127.2444667
228003454,37.3594333,127.0427667
228003453,37.3594,127.04265
228001397,37.32165,127.2545667
228000141,37.272,127.1373167
228000146,37.2719833,127.1376833
228003356,37.2718667,127.1384167
228001099,37.2814,127.10595
228000694,37.2707,127.12565
228000684,37.27125,127.1254833
228002983,37.2715833,127.12705
228002982,37.27145,127.1274667
242500980,37.27105,127.1271
228003030,37.2786833,127.1297
228003011,37.2784667,127.1298333
228003009,37.2759833,127.1285833
228003008,37.2757833,127.1285833
228003052,37.2700167,127.13215
228003285,37.2713,127.1288833
228003039,37.2710833,127.1287667
228003038,37.2698,127.1322667
228003053,37.2709,127.1346333
228003037,37.2727167,127.1370833
228003079,37.2724667,127.1369333
228003031,37.2758167,127.13655
228003071,37.2751333,127.1366833
228003223,37.2734833,127.1115333
228003221,37.2743333,127.1118
228001116,37.2277333,127.1022
228001111,37.22805,127.1023667
228002280,37.1226,127.38425
228000629,37.1322833,127.3726667
228000638,37.1320667,127.3726
228003023,37.33385,127.12805
228003024,37.33385,127.1277833
228003022,37.3354167,127.1267
228003025,37.3352333,127.1267333
228001123,37.2670167,127.10525
228000801,37.2663333,127.1064333
228000793,37.2664833,127.1065167
228003231,37.2667667,127.1073167
228003230,37.2670167,127.1072
228001103,37.2694333,127.1056667
228002356,37.1209333,127.1097333
228002355,37.1210167,127.1096167
228001131,37.2925,127.11
228001095,37.2947333,127.1101667
228001094,37.2985333,127.1081833
228001133,37.2979833,127.1082
228002985,37.29745,127.10835
228002984,37.2976167,127.1085
228001792,37.3174167,127.0623167
228002031,37.31705,127.0627833
228003538,37.3163333,127.0631
228003539,37.3165,127.0631167
228003243,37.2762167,127.1034667
228003242,37.2768,127.1032167
228003262,37.3148667,127.10185
228003261,37.3149833,127.1017167
228000850,37.2917,127.1269667
228000839,37.2917833,127.1272833
277102873,37.2702333,127.0981333
228000723,37.24745,127.0778833
228000707,37.2401833,127.0842333
228000706,37.24025,127.0843833
277103088,37.24025,127.0844333
228000703,37.2444333,127.0791833
228003188,37.2841333,127.1538333
228003187,37.2840833,127.1536
228000525,37.25225,127.3254833
228000526,37.2530167,127.32605
228003463,37.3598333,127.0552
228003464,37.3598833,127.0552167
243502260,37.3639833,127.0523
243502360,37.3639333,127.0522833
228003547,37.36025,127.062
228003548,37.3602,127.062
243502420,37.35165,127.0739
243502440,37.3516833,127.0739833
228003471,37.3590167,127.0670167
228003472,37.35905,127.0671667
228001518,37.176,127.30835
228000614,37.1759333,127.30855
228001969,37.2428,127.2571
228000714,37.2620167,127.0988
228000719,37.2621167,127.0990833
228002234,37.2401833,127.1629
228002235,37.2402833,127.16285
228000436,37.2474333,127.2206333
228000437,37.2476167,127.221
277102097,37.24965,127.2162
228000292,37.2662167,127.2230833
228000279,37.2663167,127.2233333
228003327,37.2239333,127.1305167
228001114,37.2223667,127.0980333
228001113,37.22245,127.0984833
228001795,37.2218167,127.09735
228001932,37.1268667,127.4069667
228001933,37.12685,127.4069833
228001931,37.1293167,127.4049667
228001930,37.1293667,127.4049333
228000556,37.1310333,127.4075667
228001873,37.13795,127.4047833
228001872,37.1379833,127.4048
228001439,37.2750833,127.2141833
228001438,37.2750167,127.2139
228002075,37.2816333,127.2124
228002074,37.2817167,127.2123833
228003357,37.2634,127.1387167
228002140,37.24525,127.2147833
228000322,37.2457,127.2124667
228000319,37.2460333,127.2129833
228003109,37.2371167,127.2174167
228003110,37.2371,127.21755
228000637,37.1278333,127.37235
228001238,37.12755,127.37245
228003317,37.2183667,127.1356167
228001783,37.2781,127.1537667
228001782,37.2782167,127.1541833
228001926,37.14345,127.3380167
228000654,37.1818667,127.2831
228000427,37.23765,127.21105
228000418,37.2375,127.2109833
228001224,37.2376,127.1071
228001225,37.238,127.1069333
228002279,37.236,127.1023167
228001107,37.2352167,127.1016667
228000514,37.2435667,127.3100833
228000519,37.24345,127.3100333
228001334,37.2392167,127.1865333
228001336,37.2392333,127.1864167
228003450,37.3617167,127.0335333
228000501,37.1902667,127.3041
228000504,37.1903,127.3040333
228003559,37.2962333,127.0798833
228003582,37.2990333,127.0655
228003581,37.29955,127.0661167
228003376,37.3244833,127.05505
228003555,37.32905,127.0713
228003554,37.3288333,127.07155
228003556,37.3281333,127.0719
243502500,37.3557667,127.0523167
243502230,37.3557333,127.0524
243502200,37.3527667,127.0518167
277103652,37.29825,127.06105
228000876,37.3041333,127.0747
228001043,37.3032167,127.0739667
228002014,37.2955333,127.0789667
228002035,37.2953667,127.0788667
228003346,37.2801333,127.0703333
228003344,37.28025,127.0702333
228003345,37.27815,127.0686
228000847,37.2881,127.1373167
228000842,37.2880333,127.1374167
228003180,37.28785,127.1443833
242500990,37.2878,127.14265
228002135,37.2635333,127.15635
228001022,37.3270167,127.13105
228001064,37.3271667,127.1316833
228000194,37.2260167,127.1981167
228000189,37.2258167,127.1978667
228003173,37.2817,127.1138333
228003211,37.2817,127.1136
228003012,37.2721167,127.1274
228003029,37.2719667,127.1273333
242503200,37.2829,127.1101333
228000814,37.2779167,127.1113333
228000803,37.2783,127.11105
228003117,37.2772167,127.1129333
228003215,37.2785167,127.1138167
228003214,37.2787333,127.1136333
228000836,37.3002833,127.1202333
228000825,37.3004167,127.1202167
228001929,37.18285,127.3765
228001868,37.18225,127.3741
228000473,37.1221333,127.30895
228000474,37.1210833,127.3087333
277101650,37.1242,127.3094167
228001647,37.2967333,127.1180833
228000824,37.2964,127.1177333
228001322,37.2947667,127.1184
228001327,37.2947167,127.1177167
228001379,37.2949167,127.1097667
228001325,37.2945833,127.1129667
228001185,37.2950667,127.1119
228002967,37.3023667,127.118
228002113,37.2992667,127.10575
228001381,37.2985667,127.10565
228003150,37.3,127.1147667
228001656,37.2905667,127.1415333
228001769,37.29075,127.1417667
228001323,37.29495,127.1159167
228001324,37.2949167,127.1144667
228001574,37.2947667,127.1150667
228527050,37.0931167,127.1464833
228527040,37.0927667,127.1470333
228003146,37.30665,127.1125667
228000940,37.3218,127.0890833
228000934,37.32165,127.0892667
228001470,37.1272833,127.15505
228001472,37.12735,127.1551667
277102132,37.1773167,127.3555
228001499,37.1743,127.3539333
277101906,37.16975,127.3706
228001503,37.1333667,127.3688
228001501,37.1449667,127.36635
228000625,37.1605,127.3619667
228000643,37.1603667,127.3618833
228000584,37.2382833,127.2890667
228000587,37.2382,127.2891833
228000283,37.2702833,127.2398667
228000288,37.2703,127.2401
228000285,37.28605,127.257
228001897,37.2951333,127.2677833
228000286,37.286,127.2570667
228000287,37.2785167,127.2499167
228000284,37.27885,127.2499667
228001092,37.3036333,127.1059333
228001135,37.3028667,127.1056167
228001473,37.1391333,127.14855
228001469,37.1391667,127.1483333
228000797,37.2614833,127.1059333
228000798,37.2616833,127.1059167
228000796,37.2626667,127.10895
228000799,37.2627833,127.1087167
228002103,37.2617167,127.1043833
228002102,37.26165,127.1040833
228000093,37.1657333,127.2403
228000088,37.1653167,127.2413333
228002339,37.1087167,127.13825
228002340,37.10865,127.1382667
228003428,37.3383333,127.0750667
228003427,37.3382667,127.0750333
228001985,37.1869667,127.3612
228000601,37.2232333,127.2241833
228001508,37.2231667,127.2240667
228001669,37.2215333,127.1035
228001670,37.22175,127.1034333
274150184,37.2250333,127.1028167
274150185,37.2249,127.1032667
228001189,37.2208,127.1030333
228001145,37.2208833,127.10315
277102516,37.2225833,127.1018167
228003003,37.2829,127.1085167
228001947,37.2801,127.1160833
228003041,37.2804167,127.1136167
228000818,37.2804333,127.1139
228001169,37.2795333,127.11445
228001690,37.27975,127.1143833
274176336,37.28015,127.1160833
277102505,37.28395,127.11395
228000813,37.2802333,127.1114
228000792,37.25505,127.1063667
228001770,37.2552167,127.1057667
228002978,37.2308833,127.1147167
228003050,37.2549,127.0967833
228003072,37.2551,127.09685
228000682,37.2759833,127.1145833
228000696,37.2759833,127.1165833
228002259,37.2767,127.11615
228003219,37.2747333,127.11615
228003183,37.2746667,127.1158
228002963,37.3148,127.1053
228003326,37.22585,127.1075667
228001109,37.2328,127.10885
228003306,37.23275,127.1088
228001340,37.23615,127.1978667
228001330,37.2361333,127.19805
228001331,37.2375167,127.1976833
228001339,37.23735,127.1976667
228001568,37.1462667,127.18715
228001566,37.1463667,127.1873
228001005,37.3223167,127.1189833
228001004,37.3217167,127.1179
228001318,37.3217167,127.1183
228001006,37.3230833,127.1210333
228001001,37.32255,127.1202833
228003016,37.3217167,127.1157167
228000786,37.2554667,127.1132
228000736,37.2557167,127.1133833
228002082,37.2505333,127.1079
228002083,37.2505,127.10825
228001065,37.3306833,127.1504
228000759,37.2272667,127.27065
228000767,37.2269667,127.2707
228001636,37.1386167,127.1678167
228001507,37.1391333,127.1678833
228001463,37.1393333,127.1678
228001479,37.1393333,127.1679833
228002353,37.1425,127.1283833
228002354,37.14245,127.1284333
228000187,37.2271333,127.2090667
228000196,37.2272333,127.2090833
277102660,37.22715,127.2105
228001358,37.1135667,127.1503167
228001471,37.1136333,127.1504
228001311,37.1132,127.15085
228001310,37.1131833,127.1505167
228002338,37.1133,127.1452667
228002337,37.1133333,127.1451833
228003486,37.3431,127.0966
228003485,37.343,127.0964667
228002310,37.1013167,127.13865
228002307,37.10125,127.1388
228001667,37.3581333,127.2318333
228001263,37.35825,127.2318333
228002166,37.3573833,127.2308333
228002165,37.3574333,127.2309833
228000015,37.1155,127.1524333
228000022,37.11555,127.1525333
277101649,37.1142667,127.1523833
228003513,37.33025,127.1290667
228003514,37.3304167,127.1292333
228000997,37.3312833,127.128
228001009,37.3314833,127.1277833
228001063,37.3297833,127.12515
228003495,37.3293333,127.13325
228003494,37.3293333,127.13205
228001078,37.3316,127.1251167
228001077,37.3318333,127.1250833
228001630,37.1758833,127.2964333
228001631,37.1758333,127.2962333
277102636,37.1732167,127.2985
228000626,37.1498833,127.3682
228000642,37.1497833,127.3681167
228001521,37.2042333,127.25645
228001387,37.1915667,127.3652667
228001382,37.1915833,127.3651167
228001446,37.1948667,127.3594833
228000566,37.1724833,127.3510833
228000547,37.17265,127.3513833
228000205,37.2048,127.2084333
228001279,37.2047833,127.20825
228001261,37.2490833,127.0833
228000711,37.2492833,127.08305
228003322,37.2264333,127.1117167
228003323,37.2263167,127.1117667
228003462,37.35895,127.0542
228003461,37.3589,127.05425
228000395,37.2818167,127.2247667
228003263,37.3164833,127.1018
228003264,37.3173833,127.1017167
277102101,37.22285,127.0924833
242503320,37.28035,127.10345
242503310,37.28025,127.1032
228000268,37.2556833,127.2259
228000277,37.25605,127.22525
228003042,37.32835,127.1733167
228000479,37.1441833,127.3104167
228000468,37.1440833,127.3104667
228000543,37.18315,127.3334833
228003045,37.3325167,127.1811167
228003044,37.3326,127.18125
228003097,37.3351167,127.1791
228003098,37.3370167,127.1781
228001068,37.33755,127.1677
228003028,37.3194667,127.1730333
277102206,37.3374167,127.1677
228003043,37.3245833,127.1730833
228003123,37.3246333,127.1731
228001070,37.3411333,127.1745167
228001020,37.3412667,127.175
228001602,37.3305667,127.1483833
228001981,37.3222333,127.1283
228001979,37.3201667,127.1256833
228001737,37.3223667,127.1253667
228001736,37.32215,127.1256333
228001980,37.3201333,127.1287833
228003365,37.3236833,127.12505
228001978,37.3233333,127.12585
228003364,37.3213167,127.1248167
228000999,37.3251333,127.1246333
228001007,37.3248,127.1243667
228003496,37.3237333,127.1223667
228002970,37.3237667,127.1219
228001544,37.2493,127.22235
228001550,37.2493333,127.22225
228000521,37.2402,127.3025833
228000512,37.23995,127.3023833
228000120,37.1341833,127.1671167
228000111,37.13415,127.1672667
228000229,37.1982,127.2073167
228001280,37.1982667,127.2075667
228001067,37.3364667,127.1651
228001021,37.33605,127.1647
228000251,37.2624167,127.2635667
228000240,37.2618667,127.2533167
228000253,37.2617833,127.2533167
228000245,37.2615833,127.28025
228000248,37.2615333,127.2806
228001882,37.2548333,127.2782167
228001867,37.2613,127.2710667
228000241,37.2632,127.25785
228000242,37.2625667,127.26335
228000252,37.2630833,127.2578333
277102062,37.2580833,127.27635
228000726,37.2528167,127.10155
228000725,37.2532,127.10015
277102515,37.2546833,127.0967667
228000510,37.198,127.3178833
228000497,37.1978667,127.31795
242503040,37.30105,127.0996833
228002991,37.3070333,127.1270333
228002990,37.3074667,127.12805
228003161,37.30165,127.10255
228003160,37.3002333,127.1017833
228001738,37.3282833,127.1262333
228000998,37.3285667,127.1264667
228001346,37.2855167,127.2367167
228003426,37.3391833,127.0734
228003425,37.33935,127.0730667
228000740,37.25315,127.1408667
228001486,37.1931,127.1792
228001875,37.1374167,127.4064833
228001874,37.1374667,127.4065
228000312,37.2797333,127.2321667
228000330,37.2797833,127.2319833
228001487,37.1937667,127.1852833
228003550,37.3279167,127.1174667
228003549,37.32815,127.1175333
228003020,37.3265833,127.1182833
228003067,37.3267333,127.11835
228001917,37.2385333,127.1079833
228001916,37.2391667,127.1088833
228001920,37.2449,127.1214667
228001918,37.2429167,127.1188667
228001919,37.2430833,127.11875
228001413,37.3239167,127.1231667
228001000,37.32365,127.1230167
228001732,37.3316333,127.1154833
228001728,37.3314167,127.1156833
228001057,37.3285333,127.1142167
228001026,37.3288,127.1152
228001891,37.2805333,127.2520833
228001892,37.2807833,127.2521833
228000202,37.22095,127.2096167
228000233,37.2203333,127.2089667
228001749,37.2462667,127.2579167
228000260,37.2463833,127.2579667
228001483,37.1485,127.4039333
277101731,37.1465,127.4035167
228003260,37.3130833,127.1016
228003259,37.31315,127.1015
228000812,37.2817167,127.1114
228000804,37.2819333,127.11105
228000222,37.1664833,127.2054833
228000212,37.1660333,127.2058167
228000211,37.17495,127.2038833
228001354,37.16895,127.2010667
228001355,37.1690833,127.2014
228000224,37.1753,127.2036667
228001293,37.1720667,127.2044833
228000223,37.1727,127.20415
228003502,37.3239167,127.1134667
228001025,37.32915,127.1162
228001058,37.3294333,127.1163833
228003060,37.3251167,127.1156167
228003059,37.3242833,127.1156333
228001059,37.32975,127.1179
228001207,37.3296,127.1179333
277102696,37.2667333,127.1055
228000333,37.2964833,127.2334
228000308,37.2963667,127.2337333
228000017,37.1229,127.1557667
228000020,37.1229167,127.1559
228000573,37.2169667,127.3190833
228000538,37.2168167,127.3196333
228000344,37.3542,127.2461167
228000296,37.35375,127.24645
228000617,37.1598167,127.3216833
228000650,37.15975,127.32165
228002125,37.1621167,127.3082
228002126,37.1620667,127.3082667
228002993,37.3187833,127.1153833
228003458,37.3577833,127.0508167
228003457,37.3577167,127.0508167
228002255,37.1087667,127.1981167
228002254,37.1088,127.1976833
228003096,37.3350667,127.1922667
228003095,37.3351833,127.1921667
228003091,37.3388667,127.1977667
228003092,37.3387833,127.1978167
228002302,37.1395333,127.1273167
228002303,37.1394833,127.1273667
228000065,37.1481333,127.1315667
228000064,37.14805,127.1314667
228002351,37.1460167,127.1312833
228002352,37.1459833,127.1313333
228000147,37.2854,127.1552
228000154,37.2852,127.1550167
228003487,37.3396,127.09635
228003405,37.3401167,127.0963167
228003406,37.3399667,127.09615
228003404,37.3404167,127.09765
228003403,37.3405167,127.0976667
228003409,37.3384,127.093
228003410,37.33835,127.09325
228000929,37.3282333,127.09165
228000924,37.3282167,127.09125
228000168,37.2815,127.1587167
228000167,37.2816667,127.15855
228001954,37.2744,127.1577333
228001953,37.2743667,127.1575
228000164,37.27225,127.1511333
228000171,37.2721667,127.1516833
242503280,37.2573333,127.1653833
228003342,37.2711833,127.1500167
228000169,37.2781667,127.1553333
228000166,37.2782833,127.1551
228002078,37.2691833,127.1533833
228002079,37.26895,127.1534333
228000172,37.2707167,127.154
228000163,37.27055,127.1537667
228003343,37.2691833,127.1524167
228001956,37.2768,127.15625
228001955,37.2771333,127.1553333
228000155,37.27905,127.1515333
228000158,37.2783833,127.1513833
228000153,37.2846167,127.1586333
228000148,37.2848333,127.1587333
228002188,37.2715833,127.15725
228002189,37.2717167,127.1569833
228003185,37.28195,127.15365
228003186,37.2821167,127.1538333
228003013,37.3257167,127.0970833
228003086,37.3257,127.0968333
228000945,37.3252,127.0994833
228000978,37.3252667,127.0991
228003218,37.2773833,127.1130333
228000753,37.2333833,127.219
228000773,37.2331667,127.21885
228000851,37.2937333,127.1203333
228000837,37.2938167,127.12045
228003216,37.27755,127.1145833
228003217,37.2774167,127.11455
228001062,37.3299333,127.1237333
228000838,37.29285,127.1221
228001023,37.32965,127.1240667
228001328,37.29275,127.1219667
228003082,37.3283833,127.0934333
228003084,37.3283833,127.0938833
277102568,37.2845333,127.07605
228000294,37.3281667,127.24325
228001142,37.33065,127.1086833
228001085,37.3301333,127.1092
228003309,37.23145,127.1117
228003310,37.2313833,127.1116333
228003129,37.3116,127.1114667
228003134,37.3110167,127.11395
228003133,37.31275,127.1128667
228003141,37.3097833,127.1124333
228003137,37.3128833,127.1115
228003140,37.3097167,127.1127
228002997,37.3134167,127.1118333
228000102,37.1896667,127.2091833
228000079,37.1898,127.2091833
228000290,37.2675833,127.2297833
228000281,37.2672167,127.2289167
228003125,37.3194667,127.1120167
228003126,37.3193167,127.1120167
228003191,37.296,127.1290333
228003190,37.2961,127.1289
228000523,37.2401333,127.3185667
228003195,37.29245,127.1278167
228003194,37.2925667,127.1274167
228002334,37.1143667,127.1682333
228002333,37.1144667,127.1682
228000193,37.22645,127.19285
228000190,37.2263833,127.19295
228003481,37.34585,127.0925833
228003482,37.3459667,127.0927333
228003429,37.3379,127.0849667
228003415,37.3380667,127.08485
228003401,37.341,127.0993833
228003402,37.3411,127.0994833
228000882,37.33905,127.09885
228000906,37.3393,127.0999
228000883,37.3373667,127.0980167
228000905,37.338,127.0975667
228002295,37.3378,127.1025667
228002294,37.33765,127.1029667
228001858,37.3389833,127.1007833
228003483,37.3443833,127.0945
228003484,37.3445167,127.09465
228000389,37.2883833,127.2141667
228000390,37.2883667,127.2137833
228003112,37.2351,127.2157667
228003111,37.23555,127.2157667
228003278,37.2687167,127.0976667
228000679,37.2701,127.0988
228003279,37.2684833,127.0977167
228000700,37.2699167,127.0972167
228000619,37.1556833,127.3382333
228000648,37.1554833,127.33775
228000647,37.1556667,127.3411667
228000620,37.1557,127.3412667
228001925,37.1473333,127.33465
228001924,37.1475,127.3345167
228001759,37.27045,127.2192333
228001153,37.2703,127.2187833
228001152,37.2692167,127.2174
228001740,37.26925,127.21705
228001297,37.2665333,127.2119667
228000328,37.2662167,127.2117667
228002150,37.2668,127.2134667
228001777,37.2666333,127.2136833
228000313,37.26715,127.2130333
228000329,37.2673667,127.2131
228001784,37.2680167,127.2247
228002132,37.1396333,127.32075
228002131,37.1397,127.32075
228002124,37.1386667,127.32365
228002177,37.1392,127.31775
228002176,37.1392833,127.3177167
228000761,37.2324333,127.2756333
228000765,37.23235,127.2757333
228000599,37.2319167,127.21395
228000664,37.2314833,127.2137667
243502430,37.3503333,127.0742
228003068,37.29985,127.1110167
228003035,37.29995,127.1096
228003073,37.3001167,127.1099667
228003049,37.2988667,127.1112167
228003151,37.3001,127.11205
228003057,37.2989833,127.1120333
228003411,37.33745,127.08995
228003412,37.3374167,127.0902667
228003413,37.3375167,127.0874833
228003414,37.3373667,127.0874
228002966,37.3362667,127.0870333
228003506,37.3355167,127.0893833
228003449,37.3368,127.09135
228003566,37.3368,127.0911667
228003448,37.3353667,127.0893833
228003447,37.33625,127.0868333
228003320,37.2268167,127.1159833
228003321,37.22665,127.1157167
228001069,37.3394333,127.1721
228001601,37.3395667,127.1726
228003504,37.3396333,127.1728
228003066,37.3254167,127.1745833
228003040,37.3255833,127.1746833
228508400,37.3022167,127.0837
228003505,37.3120833,127.0916
228003124,37.2729167,127.10925
228003121,37.3208167,127.0980667
228003122,37.3206333,127.0981833
228002203,37.28395,127.1413333
228002204,37.2840833,127.1411667
228003055,37.313,127.0882
228003007,37.3132,127.08805
228002158,37.2830333,127.1472167
228002157,37.2837833,127.14735
228000681,37.2719,127.1087667
228000697,37.27165,127.1089333
243502190,37.3121167,127.0913667
242501450,37.31875,127.12195
228000800,37.2656667,127.10845
228000794,37.2658667,127.10855
228002213,37.2395667,127.1138333
228002214,37.2397167,127.11365
228001367,37.2883,127.2164833
228001385,37.1127,127.3627
228001384,37.11285,127.3628
228003083,37.3088833,127.1309333
228002999,37.3017667,127.11795
228003064,37.2994333,127.1190167
228003018,37.2996667,127.1192167
277102682,37.3195333,127.1242667
277102680,37.3197167,127.1244
228000385,37.2769,127.1978167
228000382,37.27685,127.1971833
228001349,37.2715,127.1863333
228001629,37.2726667,127.1867333
277103767,37.2849333,127.1768667
277103768,37.2848,127.1772667
228000384,37.2805833,127.1892833
228000383,37.28075,127.1885333
277102038,37.27485,127.19265
228003090,37.34285,127.1972
228003093,37.338,127.19495
228003094,37.3378333,127.1949667
228001254,37.1222333,127.3449167
228001253,37.1221667,127.3447167
228001258,37.1134667,127.3601167
228001257,37.11355,127.36015
228003048,37.2355,127.2135667
228003069,37.2356,127.21345
228002270,37.1571833,127.1779667
228002272,37.15715,127.1780167
228000370,37.3376667,127.2231
228000371,37.3376,127.2232167
228001644,37.1984833,127.3405833
228000571,37.1933333,127.3255333
228000541,37.1944833,127.3258167
277102065,37.1959333,127.3317333
277102064,37.1969333,127.3363333
228001641,37.1944833,127.3274667
228001645,37.1945667,127.3274
228001642,37.1984167,127.34055
228003396,37.3427333,127.10145
228000177,37.2450333,127.1660833
228000186,37.2455333,127.16625
228003116,37.2444167,127.16655
228003206,37.2896333,127.10965
228001753,37.2501,127.2244
228001754,37.2503167,127.2242833
228000192,37.2242,127.18845
228002972,37.2364167,127.18865
228000191,37.2242833,127.1884667
277102409,37.2274333,127.1876833
228002138,37.2378167,127.19135
228001333,37.23845,127.1894833
228000748,37.2361333,127.1899
228000776,37.2357833,127.19
228002958,37.2257833,127.1882167
228002959,37.2263,127.1879333
228000500,37.1923167,127.3056167
228000505,37.1923667,127.3054667
228000343,37.3473667,127.2505833
228000297,37.34685,127.2509
228002159,37.34715,127.2267667
228002160,37.34725,127.2265833
228003102,37.34335,127.1781
228001071,37.3433333,127.1778667
228001398,37.3293833,127.24335
228000339,37.3323667,127.2466167
228000295,37.32925,127.2431667
228000351,37.3359,127.2536
228000355,37.3425667,127.2293667
228000358,37.3426667,127.2296167
228001509,37.2181667,127.2297167
228000603,37.2179167,127.2300167
228001600,37.13115,127.3069
228003000,37.3431333,127.09235
228003394,37.34295,127.0924833
228000056,37.1240667,127.2116333
228000073,37.1239833,127.2119667
228000058,37.1250167,127.2070333
228000071,37.1250333,127.2073667
228001291,37.1239333,127.2150667
228001289,37.12385,127.2148833
228001288,37.1291667,127.2307
228001290,37.1290333,127.23035
277101728,37.1317333,127.2322167
228001287,37.1332333,127.23435
228000232,37.2140333,127.20825
228000203,37.21435,127.2081833
228000244,37.2603333,127.2769333
228000249,37.26025,127.2769333
228000323,37.2486167,127.21245
228000318,37.2489833,127.2127667
228003475,37.3511167,127.0853
228003476,37.3511667,127.0853
228000095,37.1714167,127.2373167
228000086,37.1709,127.23815
228000085,37.1723833,127.2363667
228001760,37.1722167,127.23625
228000089,37.16325,127.2461
228000092,37.1631667,127.2459333
228000083,37.17935,127.2354167
228000098,37.1795,127.2350333
228000099,37.1831,127.2335667
228000082,37.1831667,127.23385
228000751,37.2330333,127.2003833
228001300,37.2327833,127.1998
228001611,37.1612833,127.2911833
228001596,37.16135,127.2912
228000465,37.1580667,127.2992667
228000456,37.1579667,127.2992167
228002097,37.2408167,127.1755167
228001745,37.2402167,127.1751
228000613,37.1793667,127.3004833
228000653,37.1791667,127.3003667
228001957,37.29655,127.1508333
228001958,37.2967,127.15105
228001767,37.29555,127.1500667
228001762,37.2950833,127.14995
228001768,37.2966167,127.1529333
228001761,37.29675,127.1526667
228001665,37.2922833,127.1521333
228001658,37.29215,127.1522667
228002178,37.2758,127.2690667
228002179,37.2759,127.26895
228000219,37.1542333,127.2054833
228000215,37.1541667,127.2056333
228000420,37.2596333,127.2220333
228000425,37.26005,127.2225833
228000416,37.2607333,127.1992
228000409,37.2605167,127.1994833
228000570,37.1853333,127.3307167
228001643,37.1851667,127.3305333
228000542,37.18615,127.3305
228000737,37.2557667,127.11885
228000785,37.2555667,127.1191167
228000790,37.25675,127.1140667
228001681,37.2544333,127.1048833
228001773,37.2546667,127.1051
228003460,37.3579,127.0522333
228003459,37.35785,127.0522167
243502300,37.3683167,127.04425
243502320,37.36825,127.0442167
228002002,37.15665,127.3987
277102100,37.1562833,127.38795
277102099,37.1564167,127.3938667
277102012,37.17005,127.3991667
277102013,37.1671667,127.3969833
228001492,37.165,127.3935167
228508260,37.1157,127.1650167
228000043,37.1168667,127.17535
228520520,37.11585,127.1648333
228521900,37.11195,127.1801333
228523180,37.1118,127.1801833
228001594,37.11335,127.1764
228000042,37.12105,127.1711333
228000041,37.1209667,127.1710333
228000113,37.1236333,127.1652667
228000118,37.1238667,127.16535
228000040,37.1168333,127.1752333
243502240,37.3574167,127.0534333
243502490,37.3574667,127.05335
228001748,37.2466333,127.2685667
228001481,37.1441667,127.40285
228000411,37.2615333,127.1954333
228000414,37.2616,127.1954333
228001510,37.20635,127.2380833
228000659,37.2068833,127.2371
228001613,37.1361,127.4002833
228001876,37.1372833,127.3994
228001713,37.1653833,127.3738833
228000564,37.1652667,127.3741833
277102589,37.16065,127.3792833
277101711,37.1674833,127.3719333
228002181,37.17485,127.3741
228002182,37.1747667,127.3739167
228000549,37.1701,127.3700667
228002184,37.1636167,127.3759833
228002185,37.1637833,127.376
277102666,37.1676,127.3793
228001495,37.1706333,127.3844833
228001234,37.1643,127.3727
228002175,37.16375,127.3723333
228002174,37.1638667,127.3722833
228001383,37.16475,127.37395
228001233,37.1642167,127.3727833
228001369,37.16495,127.37305
228001386,37.1646667,127.3737667
228001998,37.1642667,127.3700167
228001999,37.16395,127.3697333
228001235,37.1634167,127.37075
228001236,37.1636,127.3709667
228001453,37.1726167,127.3709333
228001441,37.1727167,127.3711333
228001525,37.16315,127.3681333
228001532,37.1633167,127.368
228001584,37.16525,127.37435
228000550,37.1655167,127.3740333
228001240,37.1656167,127.3737667
277101632,37.1654833,127.3723833
228002044,37.2802167,127.1620167
228002045,37.2802,127.1617
228000150,37.2817667,127.1642833
228000151,37.2813167,127.1635333
228000149,37.2836333,127.1626167
228000152,37.2839,127.1617167
277103638,37.2550167,127.2121833
228001281,37.2555167,127.2121167
228001284,37.25535,127.2122333
228003467,37.3603,127.0595333
228003468,37.3603667,127.0595667
228001997,37.1544,127.3773667
228002005,37.1543,127.3773833
228001944,37.17,127.3011667
228001943,37.1698833,127.3011833
228003497,37.33385,127.0497833
228003533,37.3339167,127.0497167
228001654,37.2913,127.1326833
228000848,37.2906667,127.1352333
228001712,37.2905833,127.1331
228001716,37.2904667,127.1334167
228000841,37.2907333,127.1353833
228002133,37.2939,127.1483333
228001937,37.2942833,127.1486
277102506,37.3084,127.1289833
277102683,37.3086,127.1293167
228001779,37.1999333,127.2084333
228001778,37.1998833,127.2081833
228003155,37.30185,127.1104167
228003154,37.30175,127.1106167
228003400,37.3420667,127.0984
228003399,37.3421833,127.0980833
242501130,37.2326333,127.1166
228517130,37.3236667,127.0823833
228003305,37.2335833,127.1149333
228003159,37.3011333,127.1082333
228001144,37.33475,127.1087167
228002981,37.3426333,127.0981833
228003512,37.33515,127.1091333
228003519,37.3359833,127.1043167
228003516,37.3352167,127.10725
228003518,37.3351167,127.1044667
228003522,37.3344167,127.1041
228003521,37.33435,127.1039667
228003517,37.3348833,127.1060833
228001714,37.1874833,127.27055
228000610,37.1874667,127.2709333
228000660,37.2093667,127.2340333
228000604,37.2094333,127.2341667
228001746,37.2396167,127.1751167
228001703,37.2511333,127.1058833
228001704,37.25095,127.1057833
228000787,37.2543667,127.1079333
228002218,37.2536167,127.12165
228003293,37.2537333,127.1215667
228002216,37.2549,127.11885
228002215,37.2548,127.1187
228001772,37.2494667,127.10675
228001774,37.2498333,127.1069
228001175,37.2635833,127.1048333
228001104,37.264,127.1053833
228000195,37.2270667,127.2039667
228000188,37.2269667,127.2039333
228003266,37.3198333,127.1026
228003265,37.3196667,127.10235
228002995,37.3143,127.1103167
228003135,37.3145167,127.1097167
228003244,37.3010333,127.0995167
228001003,37.3207,127.1124167
228001002,37.3204333,127.11235
228002191,37.3203833,127.1093
228001377,37.32065,127.1093833
228001138,37.31445,127.1082167
228001089,37.3143667,127.1085667
228002965,37.3188,127.1055
228003130,37.3194667,127.1153167
228000424,37.2623333,127.2236
228000421,37.2625333,127.22355
228001775,37.2658333,127.22415
228001436,37.2591833,127.2187
228001519,37.2591167,127.2185833
228002350,37.1440667,127.1287
228002349,37.1442167,127.1286833
228001444,37.1303833,127.3973167
228002323,37.1083167,127.1321833
228002322,37.10835,127.1315
228000021,37.1180333,127.1541
228000016,37.1181833,127.1541
228000396,37.2845167,127.2214667
228000399,37.2845167,127.2218333
228001466,37.1473333,127.14935
228001476,37.1473333,127.14955
228000063,37.1452333,127.1422167
228000066,37.1453167,127.1421167
277102129,37.1491833,127.1402167
277102130,37.14555,127.1431
228002321,37.1300833,127.1319333
228002301,37.1302,127.1318667
228001609,37.1606,127.3464833
228001608,37.1597167,127.3455667
228001167,37.22985,127.3033333
228000579,37.2297667,127.3032667
228000337,37.3179833,127.2418
228000304,37.31765,127.242
228002317,37.0866167,127.1692667
228002300,37.0866167,127.1694333
228002986,37.3145667,127.1537167
228002312,37.0866,127.1728
228001174,37.2402833,127.0824
228000708,37.2403667,127.0820833
228001634,37.1889333,127.2987333
228001635,37.1889,127.2988
228001632,37.1849333,127.2969167
228001633,37.18495,127.2968167
228000499,37.19245,127.3102333
228000506,37.19265,127.3100167
228001583,37.1808,127.3063833
228001517,37.1807333,127.30525
228001582,37.18115,127.3060833
228000554,37.1402667,127.3943833
228000561,37.1392333,127.3955167
228002357,37.1172167,127.11125
228002358,37.11705,127.11115
228003198,37.2893,127.1182667
228003001,37.2831167,127.1092833
228003489,37.3591833,127.0479833
228003490,37.3591167,127.0482667
228001682,37.2313,127.3183833
228001687,37.2314333,127.3183
228000019,37.1353667,127.1533
228000018,37.1351833,127.1532833
228003325,37.2256167,127.1092167
228003324,37.2257833,127.1092833
228000003,37.2473333,127.0731333
228003115,37.2432333,127.16795
228000743,37.2407167,127.1713833
228000742,37.2423667,127.16805
228000781,37.2411333,127.16955
228001560,37.2272667,127.2803
228001561,37.2271333,127.2803333
228003162,37.2943,127.1007333
228003163,37.29445,127.1006167
228000755,37.22955,127.2392333
228000771,37.2295833,127.2384
228000097,37.1746833,127.2316333
228000084,37.17475,127.2317
228002331,37.0901,127.1577833
228002332,37.0901667,127.1579
228000602,37.2212167,127.2262833
228000662,37.2211333,127.2261667
228000930,37.3257167,127.0903
228000923,37.32575,127.0899833
228003076,37.32645,127.0895167
228000914,37.3199333,127.09765
228000918,37.3202167,127.0976167
228001176,37.2233833,127.0887
228001187,37.2232833,127.0887167
228001191,37.2247167,127.08245
228001192,37.2261167,127.0828667
228001194,37.22525,127.07845
228001193,37.22535,127.0786667
228000702,37.2679167,127.07045
228000675,37.2682667,127.0707833
228003432,37.33295,127.0535167
228003433,37.3329833,127.0536
228003152,37.3006667,127.1143
228001106,37.2521667,127.1053
228001121,37.2519167,127.10475
228003373,37.3189167,127.0966833
228003374,37.31875,127.0968667
228000520,37.2417333,127.30445
228000513,37.2418833,127.3046167
228003350,37.2665833,127.1371667
228001139,37.3168333,127.10825
228001088,37.3169,127.1086333
228001467,37.15225,127.1392833
228001474,37.1436333,127.1455333
228001688,37.1452833,127.14305
228001468,37.1436667,127.1452833
228001689,37.1453833,127.14305
228001793,37.2550167,127.10985
228000789,37.2552833,127.11005
228002974,37.33345,127.0975333
228002973,37.3335167,127.0979667
228003239,37.2744833,127.10065
228003238,37.2745667,127.1005333
228002101,37.26165,127.1080833
228002100,37.2618667,127.1078667
228003227,37.2716667,127.1097833
228002021,37.2304833,127.1879333
228002022,37.2306333,127.1882333
228000129,37.2124667,127.1694833
228000140,37.2111833,127.1693
228000139,37.2091,127.1709333
228000125,37.1678167,127.1792667
228000106,37.1670667,127.1792333
228002224,37.2418333,127.1333833
228003302,37.2419833,127.1335167
228000104,37.1725167,127.18135
228000127,37.17255,127.1812667
228000126,37.1703167,127.1810833
228000105,37.1703333,127.1811667
228003136,37.3141833,127.1108667
228002996,37.31385,127.1105333
228001255,37.1237667,127.3508167
228001256,37.1236667,127.3504833
228003235,37.27445,127.1034167
228003234,37.2743667,127.1032
228000680,37.2711667,127.1037167
228002180,37.2708167,127.1026167
228000698,37.27065,127.1030333
228003236,37.2734,127.1005
228003237,37.27345,127.1006167
228003232,37.27145,127.1031833
228003233,37.2717167,127.1033833
228001941,37.3144,127.2565667
228001424,37.31455,127.25675
228001776,37.2657833,127.2240333
228001529,37.0989167,127.40765
228000316,37.2557333,127.21255
228000325,37.2557333,127.2123
228000692,37.2619167,127.1401833
228000687,37.26145,127.1408833
228000472,37.1259833,127.3101667
228000475,37.1262167,127.3101667
228000368,37.32435,127.22105
228000374,37.3243167,127.2211667
228001493,37.1747667,127.39755
228003353,37.2668833,127.1426333
228003355,37.27035,127.1379667
228000874,37.30355,127.0801167
228000878,37.3038833,127.0801833
228003530,37.3089,127.0858
228003527,37.3034833,127.0882
228505580,37.2998833,127.0735833
228002012,37.29755,127.07485
228002013,37.29735,127.0748833
228003542,37.3027,127.0747333
228001431,37.3028833,127.075
228003557,37.30125,127.08185
228524270,37.3011833,127.0819167
228001042,37.3022167,127.0730333
228001184,37.3025333,127.0730667
203000286,37.2969167,127.0693167
203000287,37.2970333,127.069
228002008,37.2983667,127.0711833
228002009,37.29855,127.0711833
228003531,37.3061667,127.0758667
228003004,37.3093833,127.0866333
228003056,37.3102167,127.0870333
228000633,37.1104,127.3771
228000634,37.11045,127.3768667
228003172,37.28735,127.1124667
228003209,37.2873,127.1113333
228003208,37.2874333,127.11125
228000578,37.22835,127.3066667
228001927,37.2438167,127.18945
228000534,37.22845,127.3066333
228001928,37.2436333,127.1897333
228002010,37.298,127.0726167
228002011,37.2972167,127.0731833
228003197,37.28915,127.1189667
228003204,37.2894333,127.1106667
228003205,37.2892667,127.1107667
228003202,37.28935,127.1119167
242503210,37.2888833,127.1120667
228003203,37.2891667,127.1128333
228003207,37.2886333,127.1108833
228003201,37.2892667,127.1155833
228003200,37.2894333,127.1159
228003199,37.2887333,127.11755
228001014,37.331,127.1232833
228001727,37.33185,127.1207667
228003021,37.3332,127.1231
228003026,37.3332167,127.1233333
228003062,37.3347167,127.1241167
228003061,37.3348333,127.1239167
228001733,37.3316,127.1208333
228001061,37.3301333,127.12265
228001586,37.1562667,127.2975333
228001585,37.15625,127.2973833
228003456,37.35935,127.04455
228003455,37.3593167,127.04445
228003545,37.35945,127.0468333
228003546,37.3595,127.0468333
228000709,37.2430333,127.0806167
228000704,37.24335,127.0807667
228000498,37.1928167,127.3170667
228000508,37.1928833,127.3169167
277101690,37.1953833,127.3186333
228003359,37.3220333,127.1018
228003360,37.3218667,127.1017833
228000131,37.2029,127.1762167
228000137,37.2002833,127.1803833
228000132,37.2004,127.18045
228000133,37.1978833,127.1846667
228000136,37.19755,127.1853333
228000138,37.2019167,127.1773333
228000130,37.2092,127.1709833
243502310,37.3687167,127.0424833
228000724,37.24705,127.07345
228003338,37.2342333,127.0732167
228003339,37.2340833,127.0735667
228003333,37.2389667,127.0761333
228003332,37.23885,127.0759333
228001523,37.1938167,127.1905667
228000135,37.1937333,127.1904
228000128,37.1931833,127.1791667
228001454,37.1939167,127.1900333
228003431,37.33315,127.0519
228003430,37.3330833,127.0520167
228003437,37.33265,127.0567333
228003436,37.3326,127.05665
228002167,37.2994167,127.0805667
228002168,37.29925,127.0803333
277102419,37.3248167,127.0562167
228002017,37.3232,127.0581
228002018,37.3232,127.05855
277103643,37.3273667,127.0587
277103642,37.3275,127.0580667
228000434,37.24025,127.2146833
228000439,37.24005,127.2148167
228003104,37.2396333,127.2145167
228003105,37.2396167,127.2146833
228001672,37.22175,127.1065667
228001671,37.22165,127.1064333
228000533,37.2288333,127.2997333
228000580,37.2286667,127.2997833
228000892,37.3110833,127.0829333
228000893,37.3109667,127.0824667
228001044,37.3061333,127.07475
228001039,37.3060333,127.07495
228001485,37.1895333,127.17775
228001456,37.1896167,127.17785
228002064,37.2345,127.06885
228002063,37.2347,127.0686833
228002056,37.2390833,127.0738667
228002055,37.2390333,127.0742167
228003330,37.2404,127.0701667
228003331,37.2402167,127.0702833
242503080,37.2406333,127.0719667
242503070,37.2403667,127.0713333
228002062,37.2373,127.0721833
228002061,37.2371333,127.0724333
228003335,37.2376833,127.0705333
228003334,37.2375833,127.0704333
228002066,37.23495,127.07105
228002065,37.2351167,127.07065
228003336,37.23675,127.068
228003337,37.2367167,127.06825
228003341,37.23495,127.0749667
228003340,37.23485,127.0752333
242500630,37.2365667,127.0767
242503090,37.2367333,127.0764667
228002054,37.2413333,127.0753667
228002053,37.2411833,127.0757333
228003222,37.2432833,127.0742667
228003220,37.2433833,127.0743
228002036,37.3199833,127.0813333
228000970,37.3201167,127.0815833
228001498,37.1822167,127.3466
243502350,37.3647833,127.0504833
243502270,37.36485,127.0505
228001520,37.1796667,127.273
228000452,37.1856,127.2722333
228001993,37.1070833,127.3772333
228001992,37.1069667,127.3769667
228002129,37.154,127.2950333
228002130,37.1541167,127.2951667
228003418,37.344,127.0613833
228003417,37.3439333,127.0613333
228001637,37.12265,127.168
228001638,37.1226,127.1682667
228003477,37.3498,127.08675
228003478,37.34985,127.0868167
228003034,37.32315,127.0599667
228003377,37.3236667,127.06005
228000860,37.31685,127.0693
228003536,37.316,127.0691
228003537,37.31615,127.0693333
228002087,37.32205,127.0604167
228002086,37.3222333,127.0604667
228000895,37.3128333,127.0794667
228003569,37.3130833,127.07935
228000891,37.3122833,127.0814667
228000894,37.3121,127.0811333
228002957,37.31285,127.0809
228002029,37.3176333,127.0640167
228001172,37.3188833,127.0617333
228002032,37.32005,127.0617333
228001282,37.2614667,127.1888667
228001283,37.2614333,127.1889
228002260,37.2667333,127.19045
228002262,37.2667833,127.1904667
228002187,37.2372833,127.2647333
228003407,37.3397833,127.09535
228003408,37.3396333,127.0951667
228003469,37.3599333,127.0636833
228003470,37.3599833,127.0637333
228000402,37.2681167,127.2092667
228000407,37.2681167,127.20945
228001504,37.2678167,127.20745
228001505,37.2678667,127.2074167
228002242,37.2385667,127.1038167
228002241,37.2386333,127.1044167
228003153,37.3031667,127.1112
228002975,37.3152333,127.0916333
228003087,37.3149833,127.0923167
214001976,37.1264,127.10915
214001975,37.1263667,127.10905
228003420,37.3432667,127.0650333
228003419,37.3432,127.065
228000070,37.1339667,127.2017
228000059,37.1345833,127.2011
228003010,37.2741,127.1274167
228002095,37.2368167,127.2929333
228002096,37.2369,127.2928
228003500,37.3279333,127.12215
228003063,37.3278,127.1222833
228001391,37.3267833,127.1247667
228001668,37.32845,127.1241333
228001015,37.3283333,127.1243667
228003250,37.3069833,127.0992833
228003249,37.3068,127.0992167
228003245,37.3020833,127.0991333
228003246,37.3020833,127.09925
228001337,37.2383,127.1893
228001342,37.2436667,127.1937
228001343,37.2434333,127.1939167
228003308,37.2314,127.1103833
228001118,37.2315167,127.1087667
228003307,37.2314667,127.1104667
228001177,37.2313667,127.1088333
228001895,37.2924833,127.2647167
228001896,37.29255,127.2647333
228000822,37.2784667,127.1156833
228000821,37.2786,127.1161333
228002998,37.2541,127.09975
228003051,37.25425,127.0991167
228002344,37.1127167,127.1209833
228002343,37.1131667,127.1206
228003248,37.3042,127.09915
228003247,37.3042333,127.0990167
228002047,37.3343667,127.0934667
228002046,37.33455,127.0937
228003393,37.33605,127.0953833
228002048,37.3362333,127.09455
228003421,37.3424833,127.0666833
228003422,37.3425167,127.0668167
243502470,37.3558167,127.0721833
243502390,37.35565,127.0722333
243502380,37.3574,127.0701333
243502480,37.3574167,127.0702333
243502340,37.3655333,127.0485167
243502280,37.3656,127.0485333
228003267,37.30855,127.09835
242503050,37.3084333,127.0983667
228003254,37.30915,127.09895
228003253,37.3091167,127.0989
228000663,37.2281333,127.2152667
228000600,37.2283667,127.2153833
277102467,37.23305,127.2134333
228002980,37.3362167,127.0919
228002979,37.33605,127.0919167
228001910,37.22515,127.2538333
228001909,37.2250833,127.2537833
228000769,37.2256,127.2534
228000757,37.2258167,127.25335
228001913,37.2200667,127.2543167
228001914,37.2200333,127.2543833
228000768,37.2255,127.2561
228000758,37.2257,127.2562
228001908,37.2277333,127.2537833
228001907,37.2277833,127.25365
228002109,37.1360333,127.2000833
228002108,37.1361167,127.2002333
277102610,37.1456333,127.20075
228000060,37.1382167,127.1981833
228000069,37.1383833,127.1982333
228001720,37.1397667,127.19655
228000218,37.1402167,127.19705
228000217,37.1401,127.1971333
228001906,37.2286667,127.2477833
228001905,37.2287167,127.2471833
228000309,37.2893333,127.23455
228001426,37.2896667,127.2348833
228002299,37.1078333,127.18185
228002298,37.1077833,127.1817167
274197511,37.2697667,127.1035833
274197510,37.2698167,127.104
274176520,37.2683833,127.1019
228523800,37.2681167,127.1014333
228000691,37.2587833,127.1423667
228000688,37.2588167,127.1425667
277103363,37.2657,127.104
277103362,37.2668167,127.1035333
277103365,37.2682,127.10215
277103364,37.26785,127.1017167
228000683,37.2759833,127.1194333
228000695,37.2753,127.1201
228003006,37.3055667,127.0853167
228003528,37.3055833,127.0850667
228000925,37.3306333,127.0927
228000928,37.3306333,127.0929333
228001052,37.3211167,127.09715
228001031,37.3206833,127.0970833
228000919,37.3220333,127.0963333
228000913,37.3221333,127.0967
228000976,37.3224333,127.09425
228000947,37.32225,127.0945
228003570,37.3226,127.0962667
228003560,37.33095,127.1003833
228003561,37.3307667,127.1003833
228000879,37.3060167,127.0835
228000979,37.3267333,127.1016333
228000944,37.3265333,127.1022667
228001171,37.3182333,127.0670833
228001170,37.31835,127.0674
228000927,37.3325333,127.0937
228000926,37.3323833,127.0934667
228002146,37.3161833,127.0890333
228001049,37.3155,127.0878167
228001034,37.3152167,127.0880167
277101697,37.3163333,127.0898667
228000912,37.3238,127.09515
228002049,37.3360667,127.094
228001719,37.2665667,127.2117167
228001149,37.2663,127.2119833
228001506,37.26765,127.2030167
228000050,37.1008667,127.1316167
228001308,37.1009667,127.1316
243502600,37.3384333,127.0827833
243502590,37.3384833,127.0828167
228003532,37.3012833,127.0748833
228002266,37.2921833,127.124
228002267,37.2922667,127.12435
228000459,37.1431833,127.2911333
277101780,37.1461167,127.28915
228000214,37.1565833,127.2065833
228000220,37.1568667,127.2064167
228000221,37.1634333,127.2061667
228000213,37.16325,127.20655
277102387,37.1789,127.2026333
228001724,37.1657667,127.3738
228000779,37.2380333,127.1784667
228000745,37.2382,127.1799167
228002261,37.2392833,127.1782333
228000980,37.2393,127.1779833
228001533,37.2403167,127.1783333
228001304,37.2559167,127.3316667
228001303,37.2558833,127.3319667
228001684,37.2654167,127.3325833
228001685,37.2561833,127.3320833
228001127,37.2788333,127.1056667
228001100,37.2788333,127.10595
277103231,37.2898,127.1031167
277103360,37.2904333,127.10345
274199479,37.2961,127.10345
274199478,37.2961167,127.10385
277103361,37.2896667,127.1038667
277103769,37.2908333,127.1054833
277103770,37.28875,127.1028833
277103230,37.2902167,127.1040667
228003229,37.2699333,127.1095333
228003228,37.2699833,127.1093833
228003120,37.27135,127.1042833
228003226,37.2723,127.1071
228003036,37.2721667,127.1071667
228003080,37.2853833,127.1116167
228000823,37.2858333,127.1113333
228000820,37.2862167,127.1116167
228001124,37.2704667,127.1055167
228003225,37.2726333,127.10805
228002969,37.2797167,127.1083167
228002968,37.27955,127.1084167
228001125,37.2727833,127.1055167
228001102,37.2738,127.10575
228001548,37.2182,127.2006833
228001549,37.2197167,127.2091833
228000644,37.1602,127.3554833
228000624,37.16025,127.3555667
228000553,37.1469167,127.3877333
228000562,37.1467,127.3870667
228001938,37.2702167,127.0843167
228003196,37.2893833,127.1135333
228000954,37.3222167,127.0787333
228000969,37.32155,127.0802333
228000884,37.3358167,127.0979667
228000904,37.3358167,127.0975333
228003435,37.3327333,127.05495
228003434,37.3326833,127.0548
228003534,37.3340667,127.04675
228003368,37.3341167,127.0467333
228003014,37.3275167,127.0649333
228003077,37.3279,127.06465
228003390,37.3233833,127.0777167
228003389,37.32375,127.0775833
228000968,37.3233333,127.0770667
228000955,37.32305,127.077
228001973,37.3278333,127.0688167
228003552,37.3287333,127.0691
228001972,37.3280833,127.0687667
228003553,37.32885,127.0689667
228001975,37.3296667,127.06675
228001974,37.3301833,127.06645
228003442,37.3316,127.0644833
228003443,37.3317333,127.0646167
243500030,37.3323667,127.0637
228003380,37.3308667,127.0653667
228003065,37.3308167,127.0645167
228003574,37.3206333,127.0829667
228002038,37.3292667,127.0634
228002037,37.3293667,127.06325
228003446,37.3275333,127.0694667
228002023,37.23435,127.1886167
228002024,37.2339833,127.1888333
228000360,37.3373833,127.2442667
228003210,37.2828833,127.1120333
228000353,37.3371833,127.24485
228003002,37.2831,127.1120667
228003169,37.2880667,127.1016667
228003168,37.28795,127.1015667
228003174,37.2853667,127.1032
228003175,37.2853333,127.1033833
228000364,37.3069,127.2239
228000378,37.3068667,127.2240333
228002173,37.3098333,127.2203167
228000365,37.3099,127.2204667
228002170,37.3100833,127.2201833
228000376,37.3122167,127.2207667
228002172,37.3136167,127.21465
228002171,37.31385,127.2145667
228000366,37.3122333,127.2205833
228002205,37.3122333,127.21795
228002207,37.3122333,127.2178
228000081,37.186,127.2296333
228000100,37.1859333,127.2292333
228002206,37.3159833,127.20995
228001150,37.2683333,127.2155167
228001151,37.2684833,127.2154
228000974,37.3207333,127.0912667
228000949,37.3206667,127.0917167
228003281,37.2675833,127.0967667
228000849,37.2914667,127.1298333
228003280,37.2678833,127.0967833
228000840,37.2916333,127.1293
228003384,37.32615,127.07555
228003386,37.3263,127.0757
228000933,37.3227667,127.0913167
228000941,37.32255,127.0904167
228000226,37.1844833,127.2038667
228000493,37.1867333,127.3671
228000209,37.1846333,127.2042833
228000490,37.1867333,127.3670167
228002989,37.30595,127.1258
228002988,37.30605,127.12565
228000210,37.1811833,127.2033667
228000225,37.1809167,127.2032333
228000738,37.2555,127.1247667
228000784,37.2551667,127.1254833
228001599,37.12575,127.3052667
228000843,37.2836333,127.1409667
228000846,37.2832333,127.1411
228003358,37.32185,127.1052333
228002964,37.3214,127.1049333
228001137,37.3108667,127.1083333
228001090,37.3109833,127.10865
228002994,37.31545,127.1125167
228001215,37.2293333,127.2453667
228000770,37.2281167,127.2442
228000756,37.22805,127.2451833
228001903,37.2299333,127.2440833
228001524,37.2299833,127.2441167
228001904,37.2292833,127.2453333
228003498,37.3324,127.1355833
228000772,37.2323167,127.231
228000754,37.2329333,127.2298833
228000426,37.2397333,127.2121667
228000419,37.2397833,127.212
228000875,37.30225,127.0779167
228000877,37.3024,127.0778
228003304,37.2578833,127.1420667
228001219,37.3339,127.1618
228001218,37.3326333,127.1602333
228003300,37.2527,127.1355
228000557,37.12605,127.41475
228000558,37.1253333,127.4146333
228001462,37.15,127.17175
228001480,37.15015,127.1719833
228002193,37.15195,127.1674167
228003438,37.333,127.05885
228003439,37.3331333,127.0589
228000408,37.25875,127.2030667
228000417,37.2588,127.2031167
228003564,37.3382333,127.08005
228003563,37.3382833,127.0800333
228002311,37.0980833,127.1777833
277102697,37.2596167,127.1044333
228000230,37.2081333,127.20765
228000204,37.2082,127.2078167
228001230,37.2613167,127.2824
228001229,37.2611833,127.2824833
228001742,37.2172333,127.2082167
228001278,37.2172333,127.2079
228000509,37.194,127.3182167
228000481,37.15615,127.3121
228000466,37.1561667,127.3122167
228000760,37.2294167,127.2727667
228000766,37.22915,127.2726833
228002093,37.2356667,127.2902667
228002094,37.2356833,127.2901333
277103234,37.2397167,127.2947667
277103235,37.2390833,127.2939333
277102820,37.2362667,127.2966
277102819,37.2362333,127.296
228000763,37.2346167,127.2838
228001163,37.2345,127.2837
228000764,37.2343,127.2801833
228000762,37.2344333,127.2803833
277101745,37.2343167,127.2802833
228000583,37.2340333,127.2858167
228000530,37.2338667,127.2860833
228000582,37.2290833,127.2905
228000531,37.2290667,127.29075
228001556,37.2256167,127.2789167
228001557,37.2256333,127.2788667
228002281,37.2341333,127.2872
228002282,37.23405,127.2870833
228000581,37.2263667,127.2939667
228000532,37.2265333,127.2940833
277102684,37.3302833,127.1556333
228003177,37.2839167,127.1079333
228003176,37.2839833,127.10775
228001098,37.2845833,127.1060167
228001128,37.2843167,127.1055333
228000282,37.2691833,127.2364667
228000289,37.2690167,127.2361667
228000046,37.1071833,127.1928833
228000055,37.10735,127.19315
228000047,37.1075667,127.1825167
228000054,37.1076833,127.1824167
228001655,37.1273167,127.2035667
228000074,37.1134167,127.21795
228003583,37.11295,127.218
228001951,37.2704333,127.15555
228001952,37.27025,127.15565
228000173,37.2671,127.1570833
228000162,37.2670333,127.1568167
228000844,37.2794167,127.1432833
228000845,37.2795833,127.1431
228000693,37.2681333,127.1314333
228000685,37.2687333,127.1298
228000144,37.2753667,127.1436833
228000143,37.2755167,127.1435333
228001329,37.2764,127.1439167
228001321,37.2761333,127.14425
228002156,37.2809,127.1449333
228002155,37.2811833,127.1453333
228000142,37.2737333,127.13905
228000145,37.2737333,127.1395167
228000460,37.1398667,127.3044667
228003192,37.2931667,127.1288333
277102489,37.2843,127.2218167
228001986,37.2858167,127.2212
228003584,37.2857667,127.2212833
228001314,37.2881167,127.2172833
228001313,37.2879833,127.2175167
228002077,37.2793833,127.19115
228002076,37.2796333,127.1913167
228000072,37.1251667,127.2096167
228000057,37.125,127.2098167
228003577,37.20235,127.2092
228002209,37.1462333,127.2078
228002208,37.1461167,127.2078333
228000607,37.1997667,127.2497833
228000657,37.2000667,127.24915
228003167,37.2891167,127.0977
228003166,37.2889667,127.0975833
228000746,37.2377667,127.1821167
228000778,37.2374167,127.18225
228003113,37.23895,127.1842
228002263,37.2390833,127.1845667
228000749,37.23545,127.1933167
228000775,37.2351,127.1932833
228003046,37.3008,127.1063833
228003075,37.3009167,127.10665
228001093,37.3003167,127.1069333
228001134,37.3001,127.1067333
228003158,37.3004833,127.1074167
228003047,37.3002833,127.10775
228003157,37.3006833,127.10775
228001489,37.1949833,127.1957
228001452,37.1950833,127.1956167
228003488,37.3373,127.0894833
228000035,37.1104,127.1525333
228000034,37.1103333,127.1524667
228000627,37.1444333,127.3684167
228000641,37.1442667,127.3683667
228003241,37.2762833,127.1016167
228003240,37.2763333,127.1014833
228003170,37.2863833,127.10185
228003171,37.2863833,127.1019833
228000404,37.273,127.2074
228000405,37.2729,127.2075833
228002052,37.2765167,127.2006167
228000381,37.2759833,127.2056667
228000386,37.2761333,127.2056167
228000403,37.2714667,127.2077667
228000406,37.2715667,127.2078833
277101635,37.2685,127.08175
228000676,37.26755,127.0754833
228003118,37.26855,127.0828167
228000677,37.26815,127.0811833
228003119,37.2682,127.08135
228000280,37.2661,127.22545
228000291,37.2660333,127.2256167
228000423,37.2644667,127.2242333
228000422,37.26445,127.2241333
228000276,37.2526,127.2253833
228000269,37.25255,127.2254833
228001911,37.22255,127.2534333
228001912,37.2222667,127.2534833
228000661,37.2161167,127.2305167
228001741,37.2158167,127.2308167
228001780,37.254,127.2375333
228001274,37.2542333,127.2378833
277102624,37.2501,127.2284667
228000274,37.2540667,127.23785
228000656,37.1919,127.25745
228000608,37.1919333,127.2576333
228000267,37.2492,127.2271833
228000266,37.24905,127.22705
228002090,37.2513167,127.1472
228003571,37.3299833,127.1026
228000116,37.1146167,127.1556
228000115,37.1145667,127.1557167
228003100,37.3268167,127.1597333
228003099,37.32685,127.15965
277102205,37.3324667,127.1602667
228003101,37.3298667,127.15615
228001183,37.3298333,127.1555333
228001066,37.3309,127.1556333
228001182,37.3298833,127.1503167
228001181,37.3299,127.15045
277102299,37.1122,127.4217
277102300,37.1124333,127.4221333
277102245,37.1053667,127.3995167
277102244,37.1008167,127.4024167
228001528,37.1153833,127.3903333
228001531,37.1155,127.3903833
228000200,37.22565,127.2106667
228000235,37.2257,127.2103333
228002071,37.2448667,127.27875
228001514,37.1887,127.2767167
228000109,37.15595,127.1774333
228000122,37.1559667,127.1773833
228000107,37.1649167,127.1772167
228000124,37.16425,127.1770833
228000108,37.16025,127.1777333
228000123,37.16025,127.1776333
228002192,37.16375,127.1730833
228000302,37.3322667,127.2469333
277102388,37.3314667,127.2455833
228002149,37.3472333,127.2542
228000299,37.33845,127.2499667
228000301,37.3338833,127.2486833
228000340,37.3342667,127.24865
228002163,37.3539667,127.2302167
228002164,37.3541,127.23005
228000352,37.3372167,127.2501667
228000345,37.33755,127.2501167
228000710,37.2452167,127.0784667
228001371,37.3378167,127.2666167
277102412,37.33675,127.26595
228001427,37.3360667,127.2623333
228001428,37.3360667,127.2617667
228000346,37.3360833,127.2541333
228000349,37.3377167,127.2671667
228001370,37.3367833,127.26715
228000341,37.3371,127.2495333
228000300,37.3366,127.2497167
228001569,37.3374667,127.2492833
228001711,37.3377333,127.2494667
228002305,37.1146667,127.1150333
228002306,37.1146833,127.1152833
228002015,37.1575667,127.37615
228000503,37.1850667,127.30485
228000502,37.1848,127.3049667
228000094,37.1693833,127.239
228000087,37.1694833,127.2390833
228001563,37.2308667,127.2838
228001562,37.2309167,127.2837
228001862,37.2314333,127.2874
228001863,37.2315167,127.2875667
228001543,37.2372,127.2140333
228001551,37.2378333,127.21405
228001296,37.2484,127.2303333
228001298,37.24845,127.2302333
228001607,37.1624333,127.3418167
228001606,37.1623667,127.3417833
228001515,37.17755,127.2950833
228000612,37.1777167,127.2949833
228001612,37.1585833,127.3521
228000623,37.1586,127.352
228000356,37.3435333,127.2261
228000357,37.3437167,127.2260833
277103233,37.2568,127.2099833
277103232,37.2567,127.2092
277102828,37.26,127.2111833
277102827,37.2601167,127.2106167
277101982,37.2401167,127.1799333
228001332,37.2378333,127.1931
228001338,37.23765,127.1932
228003088,37.23295,127.2102667
228003089,37.2327167,127.2097833
228001945,37.17305,127.2984
228001946,37.1731,127.29855
228001209,37.22775,127.1714833
228001208,37.22785,127.1713
228001365,37.2370167,127.1790667
228001522,37.237,127.1793
228001743,37.2411833,127.1800833
228002099,37.2413,127.1798833
228000777,37.2366167,127.1861333
228000747,37.237,127.1858167
228001353,37.23775,127.1854833
228507220,37.1087333,127.1345333
228001708,37.1086667,127.1344833
277102641,37.2349833,127.1953667
228003138,37.3085,127.1066833
228003139,37.30855,127.1068833
228000178,37.2479167,127.1663
228000449,37.2356167,127.2066833
228000444,37.2354333,127.2066833
228001744,37.24215,127.1769833
228002098,37.24195,127.17695
228001894,37.29025,127.26105
228001893,37.28955,127.2604167
228003507,37.3208,127.0951667
228001785,37.2876833,127.1091167
228001096,37.2892,127.1092
228001130,37.289,127.1086333
228002148,37.2252333,127.2620833
228001162,37.2250167,127.2628333
228003106,37.2399667,127.2160167
228003103,37.2400833,127.2160667
228000438,37.2426167,127.21635
228000435,37.24295,127.2164667
228001352,37.2369833,127.2024833
228001414,37.2326167,127.2090833
228001552,37.2327833,127.2101
228000197,37.233,127.2096333
277102695,37.2328,127.2102
277102487,37.2332833,127.20875
277102443,37.23535,127.2090333
228001320,37.2336833,127.2092667
228001029,37.3246333,127.1048
228001250,37.12535,127.362
228001249,37.1253167,127.3616833
228001359,37.2412167,127.1669333
228001360,37.2410667,127.1671833
228003114,37.2408833,127.172
228003314,37.23065,127.113
228003313,37.2306833,127.1129
228003515,37.33575,127.1086333
228003315,37.2283667,127.1139667
228003316,37.2284667,127.1141167
228003311,37.2314333,127.11315
228003312,37.2313667,127.1131
228001758,37.2949667,127.2383333
228003027,37.3267667,127.1195333
228003501,37.32675,127.11905
228000442,37.2342333,127.21505
228000451,37.2344,127.2151333
228000938,37.3192167,127.0877
228000935,37.3194333,127.0878333
228000591,37.2221167,127.2782
228000321,37.23735,127.2083833
228000320,37.2374667,127.2087667
228000606,37.2025333,127.2447667
228000658,37.2023833,127.2448333
228000257,37.2476,127.2469167
228000264,37.24755,127.2468667
228001126,37.2751333,127.1055833
228001101,37.27615,127.1057833
228000615,37.1648167,127.311
228001597,37.1647333,127.3109167
228001587,37.1647667,127.3104833
228001588,37.1647667,127.3108167
277102600,37.1685167,127.31025
277102621,37.1621,127.3081
277102048,37.1604667,127.3157833
228000651,37.1625833,127.3157
228000616,37.16265,127.3157
231001402,37.091,127.1538167
228002308,37.0943,127.1445833
228002309,37.0945,127.1442
228002330,37.0877333,127.1635167
228002329,37.0877,127.1634333
228002326,37.0917,127.1484667
228002318,37.0914667,127.1489333
228000551,37.1572,127.3827167
228000563,37.1571667,127.3826
228001165,37.15555,127.3837667
228000552,37.1556167,127.38385
228002315,37.1269167,127.13115
228002314,37.1270167,127.1311333
228000873,37.3068,127.0842167
228000880,37.3071333,127.0840167
228000062,37.1392,127.1762
228000067,37.13925,127.1759333
228003523,37.3335333,127.1051833
228003524,37.3333333,127.1054833
228001442,37.1818333,127.36765
228001451,37.1817667,127.36755
228002105,37.15955,127.1885167
228000410,37.2610167,127.1963333
228000415,37.2610667,127.1963333
277102098,37.2521,127.2193333
228000326,37.2584833,127.2123833
228000315,37.2586167,127.2127167
228000317,37.2526667,127.2126333
228000324,37.25265,127.2122667
228001115,37.22495,127.10155
228001112,37.2248833,127.1017167
228000362,37.2969333,127.2229167
228000380,37.2968667,127.2229667
228000363,37.3035,127.2242167
228000379,37.3035,127.2243333
228002324,37.1159833,127.1299333
228002304,37.1159,127.13
228002348,37.10925,127.1273667
228002347,37.1091333,127.1273167
228527060,37.1097667,127.1264833
228527070,37.1096833,127.1265333
228000621,37.15485,127.3443
228000646,37.1548,127.3449
228001526,37.1257167,127.3783167
228002276,37.1257667,127.3782833
228001312,37.1023167,127.13625
228000597,37.2264333,127.2731333
228000231,37.2127667,127.2085333
228003108,37.2385167,127.21705
228003107,37.2386167,127.2168667
228001292,37.1275,127.2035667
228000888,37.3184167,127.0835
228000897,37.3186,127.0831833
228001091,37.3053,127.1060167
228001136,37.3051,127.1056667
228003392,37.3191167,127.0826833
228003391,37.31935,127.0829
228002004,37.1561167,127.3873
228003479,37.34805,127.0889333
228003480,37.34805,127.0891
228001936,37.125,127.3559333
228001935,37.12505,127.3557333
228003452,37.3603,127.03895
228003451,37.36025,127.0388333
228001445,37.1295,127.39025
228002962,37.3119167,127.1050833
228003256,37.3106833,127.0997333
228003255,37.3107667,127.0997667
228003268,37.3102833,127.0935
242503060,37.3101833,127.0934167
228003178,37.2867167,127.1093
228003179,37.2866,127.1094333
228001097,37.2868,127.10735
228001129,37.2871,127.1071833
228000689,37.2560333,127.1437333
228000690,37.2558667,127.1435833
228000278,37.2652667,127.2154333
228000293,37.2651333,127.2154833
228001295,37.2461833,127.2295
228002143,37.3314333,127.1121667
228001725,37.3316167,127.11215
243502370,37.3605833,127.0533
243502250,37.3606667,127.0532833
228002162,37.3520167,127.2312
228000720,37.25775,127.0974
228001262,37.2579333,127.0972333
228003074,37.2573333,127.0980167
228003070,37.2572833,127.0978667
228003354,37.2691333,127.1377333
228000270,37.25095,127.2331833
228000275,37.2508667,127.2332667
228000783,37.2542333,127.1356333
228000739,37.2543,127.13435
228001942,37.3144833,127.2644
228000678,37.2718,127.08935
228000701,37.27135,127.0888667
228001461,37.1432333,127.4015833
228000628,37.1416,127.3702
228000640,37.14155,127.3701667
243502520,37.3538333,127.05215
243502210,37.3537833,127.0522
228001715,37.12865,127.41005
228003544,37.3617333,127.0362
228003543,37.3617833,127.0362167
228001511,37.20495,127.2402667
228000605,37.2050333,127.2403167
228000298,37.3421,127.2504167
228000342,37.3418833,127.2501833
228000090,37.1628,127.2488667
228001900,37.1616333,127.25335
228000091,37.1625833,127.2496
228000630,37.1248667,127.3739167
228001239,37.1248833,127.3738
228002000,37.1247333,127.3735667
228000635,37.1175,127.3747333
228000632,37.1175167,127.3749167
228001527,37.1178333,127.37825
228000631,37.1240333,127.3744333
228000636,37.1236,127.3744667
228000310,37.2871167,127.23405
228000332,37.2876667,127.2339167
228000101,37.1876667,127.2161333
228000080,37.1877833,127.2162167
228001620,37.1058833,127.15455
228001572,37.1059667,127.1544333
228002142,37.2857167,127.2201667
228002141,37.2856667,127.2205333
228000397,37.2873,127.2173833
228000398,37.2871167,127.21795
228001161,37.2861,127.21705
228000400,37.28195,127.2249667
277103637,37.2759167,127.22685
228003474,37.3513667,127.0838333
228003473,37.3513167,127.0838167
228003148,37.3041,127.1239333
228003149,37.3041833,127.1242833
228000247,37.2685,127.2902167
228000246,37.2686333,127.2901833
228001247,37.1251,127.3657333
228001248,37.1250833,127.3660667
228003371,37.3179667,127.0891333
228003372,37.31795,127.08885
228000972,37.3186833,127.0876667
228000951,37.3182,127.0874333
228001901,37.23135,127.2413
228001902,37.2313333,127.24145
228002342,37.1088167,127.1364667
228002341,37.1088833,127.1364333
228000528,37.2403833,127.3189667
228000598,37.2343333,127.2134667
228000665,37.2343,127.2133333
228000517,37.23995,127.3177667
228000516,37.2397167,127.3181167
228001271,37.1782667,127.3701
228000494,37.17775,127.3704667
228000515,37.2420833,127.3147
228000518,37.24205,127.3147667
228001880,37.2703667,127.2650167
228001881,37.2703167,127.2648167
228002268,37.1593,127.17785
228002269,37.1593333,127.1779
228002230,37.2356167,127.1563667
228002231,37.23565,127.15625
228000565,37.1704833,127.36035
228000548,37.1705833,127.3607167
228001500,37.1726167,127.36015
228000539,37.2034833,127.3215167
228001579,37.2034167,127.3212833
228001545,37.2125333,127.3208167
228001546,37.2120667,127.3209
228000572,37.2034333,127.3214667
228001578,37.20345,127.3211667
228000511,37.2014,127.3210333
228001580,37.2013833,127.3212
228000750,37.2343167,127.1966833
228000975,37.3217833,127.0931167
228000948,37.3215667,127.0933167
228001299,37.2342167,127.1961167
228000262,37.24615,127.2539833
228000263,37.2461833,127.2514333
228001750,37.2462333,127.2515167
228000259,37.2462167,127.2542
228000255,37.2577833,127.2445333
228000238,37.2578667,127.2444667
228000239,37.2596,127.2475333
228000254,37.2595333,127.2475833
228001571,37.24985,127.23565
228001577,37.24985,127.2358833
228001752,37.2488833,127.23885
228001751,37.24895,127.2388833
228000256,37.2486167,127.2408
228000265,37.24855,127.24075
277102207,37.2473833,127.2713333
277102003,37.247,127.2645667
228000307,37.3004333,127.2346167
228000334,37.3008,127.2343333
228001614,37.1314,127.4064833
228000559,37.1284833,127.40995
228002122,37.1372333,127.30985
228002123,37.1373167,127.3099
228001598,37.1390667,127.30825
277103442,37.3266,127.10315
277103443,37.3266333,127.1038167
228001726,37.3316167,127.1142667
228001729,37.33145,127.1141833
228003525,37.3330667,127.1063333
228003526,37.33315,127.1069667
228002144,37.3316167,127.1189167
228002145,37.3314,127.1187833
228001060,37.3302167,127.1197833
228001024,37.3300167,127.1198667
228001141,37.3289167,127.1088167
228001086,37.3285833,127.1092167
228003575,37.3252333,127.1244167
228003503,37.3241667,127.1069
228003551,37.3271333,127.1087
228001028,37.3254667,127.1073333
228002971,37.3249333,127.1068167
228001055,37.3256,127.1064667
277102685,37.3268833,127.1317333
228002961,37.3083333,127.1057
228001143,37.3322333,127.1087
228001084,37.3333167,127.1091667
228003492,37.3314167,127.1334167
228003493,37.3315,127.1335667
274196093,37.3324167,127.1038333
274196094,37.3324,127.1031333
228001087,37.31965,127.10875
228001140,37.32035,127.1083333
228003128,37.3192333,127.1134667
228003127,37.3193667,127.1135333
228003017,37.3172333,127.1152
228003131,37.317,127.11475
228001335,37.2469167,127.19
228001705,37.2470333,127.1902667
243502290,37.36635,127.0471333
243502330,37.3662833,127.04715
228001252,37.1253333,127.3602167
228001251,37.1253833,127.3602
228000045,37.1129,127.1718
228000038,37.1129833,127.1718
228001357,37.1133333,127.1764667
228000044,37.1134,127.1765167
228002190,37.3206167,127.1163167
228001317,37.32045,127.1165
228000447,37.2349167,127.1981
228000446,37.23475,127.1988167
228002154,37.2852333,127.1445333
228002153,37.2851333,127.1433667
228000369,37.3292667,127.2215167
228000373,37.32935,127.2216167
228000165,37.2753667,127.1513833
228000170,37.2752833,127.1517
228003299,37.2473833,127.1306333
228002222,37.2476167,127.1302167
228003291,37.2546833,127.1246333
228003290,37.25465,127.1247333
228000555,37.13645,127.4004333
228001164,37.1692667,127.3699333
228002183,37.1780833,127.3776333
228002136,37.2697,127.1355667
228002137,37.2695833,127.1349667
228001657,37.2901333,127.1463833
228001666,37.2903333,127.1463833
228002107,37.15595,127.1952
228003568,37.3146,127.0881167
228003369,37.31625,127.09045
228003567,37.31475,127.0883833
228003370,37.3163667,127.09055
228000413,37.2610667,127.1863167
228000412,37.2610167,127.18625
228000237,37.255,127.2133167
228001294,37.2549,127.2130333
228003397,37.3428667,127.1006333
228003398,37.3426833,127.1001167
228000052,37.10325,127.1427333
228000049,37.10315,127.1427667
228002194,37.0912333,127.1235
277102174,37.09765,127.1206167
228000915,37.3177,127.0952833
228000917,37.3177833,127.09505
228003444,37.3279,127.0679333
228003445,37.3280833,127.0679
228000471,37.1306833,127.3106167
228000476,37.1307667,127.3104833
228000744,37.2398833,127.1732833
228000780,37.2395,127.1732667
228003348,37.2609667,127.1385833
228000952,37.3181167,127.0853333
228003349,37.2610333,127.1383167
228000971,37.3184667,127.0854
228000181,37.2656167,127.1545833
228000182,37.2657333,127.1549167
277101903,37.14995,127.1918667
228001567,37.1526667,127.1941667
277101655,37.2917167,127.1448333
228000112,37.13095,127.1665
228000119,37.1309667,127.1664
228000645,37.1567,127.3495167
228000622,37.1566,127.3490833
228000068,37.1425667,127.1870333
228000061,37.1424167,127.18735
228000445,37.2348333,127.2035833
228000448,37.235,127.2028833
228000774,37.2327333,127.2027333
228000752,37.2330333,127.2024667
228000121,37.1471167,127.1696
228000110,37.1470833,127.16965
228001581,37.1920833,127.3129
228000507,37.1921833,127.31285
228000134,37.19505,127.2023167
228001450,37.1951667,127.2023833
228001285,37.1877,127.2057
228000208,37.1875833,127.2058833
228000227,37.19105,127.2066833
228000207,37.1905333,127.2068
228000228,37.19275,127.20695
228000206,37.1927333,127.2071
228001449,37.1944833,127.2060667
228002104,37.1943167,127.20685
228001490,37.1946333,127.20695
228003033,37.3211167,127.1544167
228003032,37.3210833,127.15415
228003132,37.30835,127.1116
228002121,37.2931833,127.1485333
228003181,37.2907,127.1391333
228003182,37.2905167,127.1388167
228001662,37.2945667,127.15475
228001660,37.2945833,127.1549333
228001764,37.2927167,127.1461333
228001765,37.2925167,127.1462333
228001763,37.29375,127.1494667
228001766,37.2935667,127.1496333
228000469,37.1387833,127.3080333
228000478,37.13865,127.3077167
228000713,37.2543667,127.0924
228000721,37.2543,127.09265
228002233,37.2387667,127.1575
228002232,37.2387333,127.1576
228000537,37.2190667,127.3166
228000574,37.2189833,127.3163667
228000367,37.3199333,127.21955
228000375,37.3199333,127.2196333
228003282,37.2666833,127.0932667
228003283,37.2664167,127.0928667
228000716,37.2687167,127.0985167
228000717,37.2689167,127.09865
228001110,37.2296833,127.10445
228001117,37.2297667,127.10445
228003520,37.3374833,127.1046333
228000176,37.2591667,127.16405
228000159,37.2586833,127.16405
242503170,37.2601333,127.16305
242503160,37.2606,127.1629833
228000180,37.2599,127.1597333
242502890,37.2606167,127.1600667
228002134,37.2611,127.159
277102449,37.2635167,127.1568667
228000183,37.2597,127.1605333
228000174,37.2648833,127.15845
228000161,37.2647333,127.1582333
228000160,37.2628667,127.16015
228000175,37.2622333,127.1613333
228000336,37.3136167,127.2407833
228001404,37.3014333,127.252
228000305,37.31345,127.2411
228003054,37.28935,127.12055
228000908,37.3330833,127.0966667
228000909,37.3332667,127.0964333
228001403,37.3012167,127.2520833
228000306,37.30355,127.2353667
228000335,37.3047333,127.2353167
228001639,37.1431333,127.1458167
228001640,37.1430333,127.14575
228001987,37.2492167,127.3182
277101834,37.24865,127.322
228000527,37.2467667,127.3233667
228000524,37.2469833,127.3233
228001459,37.1454167,127.3963833
228003319,37.2240333,127.1192167
228003318,37.2238333,127.1195833
228000273,37.2578,127.2366333
243502510,37.355,127.0523
243502220,37.3550167,127.0523667
228002328,37.0866333,127.1663667
228002327,37.0865667,127.1664
228003529,37.3070333,127.085
228003005,37.30705,127.0851833
228003440,37.3327833,127.0626167
228003441,37.3329167,127.0625
228000236,37.2292667,127.2104333
228000199,37.22945,127.21075
228000896,37.3152333,127.0811167
228000889,37.31515,127.0815167
228001883,37.26915,127.0681667
228001877,37.27815,127.2709167
228002320,37.1236167,127.1306333
228002316,37.1237,127.1305833
228001122,37.2579333,127.1042167
228001105,37.2575667,127.10455
228001315,37.3356,127.2222333
228001301,37.2339833,127.2963167
228000234,37.223,127.2098833
228000201,37.2242333,127.2104667
228002115,37.1193167,127.2270833
228002116,37.1191333,127.2232667
228000536,37.2257833,127.3124167
228000576,37.2259333,127.3122833
228001535,37.2260667,127.3126167
228001534,37.2261833,127.3123667
228000575,37.2219167,127.3118167
228001683,37.2328167,127.3185333
228001686,37.2327,127.3184333
228001800,37.2814,127.1522833
228001536,37.2319833,127.3190167
228001537,37.23195,127.31915
228001866,37.27495,127.2259667
228001865,37.2754167,127.2263333
228001156,37.2763333,127.2278167
228001157,37.2768167,127.2281167
228000391,37.2860167,127.2171667
228000331,37.2831667,127.2331833
228000311,37.2828167,127.2333833
228001366,37.2787833,127.2307833
228001159,37.2785333,127.2303833
228001345,37.2785,127.2306667
228001348,37.2798667,127.2234167
228000387,37.2812667,127.2220667
228000393,37.2811167,127.2224167
228000394,37.28035,127.22385
228000401,37.2802667,127.2239
228001622,37.2804167,127.2219667
228001628,37.2805167,127.2220833
228002073,37.2809,127.21955
228002072,37.2809667,127.2195667
228000388,37.2836,127.2194
228000392,37.2834667,127.2197833
228000443,37.2352667,127.2106167
228000450,37.2353833,127.2110167
228003143,37.3094,127.1102167
228003142,37.3094,127.11005
228003144,37.3085,127.1102167
228003147,37.3084,127.11005
228000535,37.22805,127.30955
228000577,37.2279333,127.3096167
228003424,37.3418167,127.0690833
228003423,37.3418,127.0689833
228000936,37.31725,127.0898333
228000937,37.317,127.0897833
228001050,37.3171,127.0906
228001033,37.3169833,127.09095
228002020,37.32745,127.0941
228003058,37.3270667,127.0955833
228003085,37.32725,127.0956833
228002019,37.3277333,127.0938667
228002278,37.3198,127.08965
228000950,37.3193167,127.0893833
228000973,37.3194833,127.0891
228001030,37.3236667,127.1019167
228001053,37.3234167,127.1009
228003078,37.3414667,127.1012333
228000001,37.2441667,127.0665667
228001045,37.3092167,127.0760333
228001038,37.30925,127.0761833
228003562,37.3362833,127.1006167
228523360,37.3360667,127.1006333
228003580,37.2670167,127.0761333
228001484,37.1767833,127.1817333
228001457,37.1762167,127.18175
228000372,37.3356,127.2223833
228000718,37.26475,127.10045
228000715,37.2652833,127.1004833
228003212,37.28065,127.1123833
228003213,37.2808333,127.1125
228000722,37.2494,127.0886667
228000712,37.2496833,127.0884667
228000354,37.3386667,127.2369833
228000359,37.3388833,127.2366167
228001615,37.1637167,127.3173667
228001616,37.1638167,127.31745
228000484,37.10875,127.3983333
228000487,37.10865,127.3982667
228000464,37.15215,127.29175
228000457,37.15205,127.2917
228001595,37.1549333,127.2815167
228001610,37.1549333,127.2816
228002128,37.1549167,127.2820833
228002127,37.1551,127.2813833
228000458,37.1476167,127.2862167
228000463,37.14765,127.2861333
228001305,37.2367833,127.2989167
228001621,37.2366333,127.2988667
228001302,37.23675,127.30105
228003509,37.3242167,127.0937333
228003508,37.3244,127.0936667
228000907,37.3330667,127.0999167
228000910,37.3333333,127.10025
228001646,37.2560833,127.1141167
228003363,37.25475,127.1087
228002106,37.1489833,127.1861167
228002228,37.2326833,127.1438333
228002229,37.2327333,127.144
228001675,37.32375,127.0918333
228001032,37.319,127.0943667
228001051,37.3196167,127.0948167
228003378,37.3259833,127.0614667
228003379,37.3260333,127.06125
228001898,37.1845,127.2323
228001899,37.1846,127.23245
243502460,37.3539333,127.0720833
243502400,37.35385,127.0720667
228001702,37.2471167,127.1056
228001701,37.24725,127.1058
228001542,37.2439833,127.1071
228001539,37.25305,127.11375
228001626,37.2531,127.11405
228003287,37.2505667,127.1133
228001540,37.2489667,127.11115
228001625,37.24895,127.1108
228003286,37.2500667,127.1123167
228001541,37.2462,127.1096667
228001624,37.2462,127.1099333
228001627,37.2541333,127.10985
228001538,37.2542333,127.10945
228000802,37.2762,127.1117833
228000815,37.2756667,127.1128333
228002977,37.3254833,127.0931
228000920,37.32475,127.09385
228000911,37.3250333,127.09405
228001027,37.3274333,127.1127833
228001056,37.32755,127.1125667
228003015,37.32545,127.1183667
228003019,37.32505,127.1178833
228001341,37.2414333,127.1978
228001344,37.2412667,127.1975667
228001120,37.24255,127.1032833
228001860,37.2422,127.1032
228001786,37.2444667,127.1063167
228001623,37.2437833,127.1070667
228001700,37.2439833,127.1058667
228003164,37.2920167,127.0987167
228003165,37.2924833,127.0988833
228000243,37.2614,127.2675667
228000250,37.26125,127.2677833
228001879,37.2720833,127.2656
228001878,37.2731,127.2665667
228003499,37.3313333,127.13605
228003361,37.30585,127.10745
228003362,37.3058833,127.1078167
243501970,37.3229,127.0801333
228001497,37.1452167,127.1376
228001496,37.14535,127.1375667
228003257,37.3119667,127.1011167
228003252,37.3124667,127.1026167
228003258,37.3118667,127.1011833
228003251,37.3124833,127.1023333
228003572,37.32305,127.0820833
228000609,37.1886333,127.2680667
228001718,37.1885333,127.2678667
228000611,37.1889,127.2768
277101914,37.1818667,127.273
228000453,37.1788833,127.271
228000454,37.1789,127.2709
228000540,37.19685,127.3257833
228003375,37.3253667,127.09565
228003081,37.3255333,127.0955667
228000977,37.3241833,127.0973
228000946,37.3238667,127.09725
228001412,37.31335,127.2475
228001423,37.3132333,127.2476
228003295,37.25375,127.1205
228003294,37.2535833,127.1204167
228003288,37.2532,127.1102333
228003289,37.2528333,127.1099833
228001971,37.3255833,127.0718333
228003382,37.32645,127.0711
228003381,37.3264333,127.0713167
228003535,37.3060833,127.0839
228000881,37.3096167,127.0845667
228000872,37.3099,127.08455
228000198,37.2312667,127.20985
228003156,37.30305,127.1114167
228001147,37.2669833,127.1358333
228000686,37.2668833,127.1365
228002987,37.3025667,127.1223167
228000834,37.3025,127.1221167
228003366,37.3098333,127.0831
228002976,37.2426167,127.0667667
228003367,37.3097,127.0833667
228003579,37.24265,127.0670333
228000826,37.3016333,127.1214333
228000835,37.30165,127.1215833
228001306,37.2442667,127.0672833
228001731,37.3316,127.1102833
228001730,37.3314,127.1103
228003510,37.3340333,127.1118833
228003511,37.33425,127.1116
228001494,37.173,127.3871333
228001989,37.1477167,127.3691667
228001988,37.1475833,127.3690833
243502450,37.3526333,127.0732667
243502410,37.3525667,127.0732167
228001721,37.2852833,127.1512
228002169,37.28565,127.1502333
228000157,37.28505,127.1507333
228000156,37.28605,127.1509833
228001707,37.2855667,127.1523667
228001108,37.24055,127.1023667
228001119,37.2411,127.1028833
228001884,37.1938167,127.18795
228001455,37.1939,127.1855333
228001885,37.1937333,127.18795
228003573,37.3215667,127.08125
228000076,37.1471833,127.2228167
228000077,37.1470667,127.2227167
228000078,37.1465833,127.2122667
228000075,37.1466333,127.2122333
228000216,37.1456167,127.2023167
228001286,37.1458167,127.2023167
228001356,37.14545,127.2024833
228001593,37.1454333,127.2022833
228000179,37.25445,127.1655167
228000184,37.2548667,127.1654167
228000327,37.2633667,127.2120667
228001347,37.2875,127.2384167
228000480,37.14885,127.3121333
228000467,37.1486333,127.3121667
228002325,37.10435,127.1474667
228002319,37.1043167,127.1478833
228000314,37.2638833,127.2119833
228001513,37.1237667,127.1659333
228001512,37.1238167,127.166
228001477,37.14145,127.15655
228001465,37.14165,127.15665
228002226,37.2345667,127.1388167
228002227,37.2347333,127.13885
228001244,37.1116167,127.3760833
228001243,37.1115833,127.3759167
228003465,37.3598667,127.0566167
228003466,37.3599,127.0565667
228000618,37.1557,127.3352833
228000649,37.1556167,127.3352667
228001605,37.1641,127.3351667
228001604,37.1641667,127.33515
228002050,37.3362167,127.09645
228002051,37.33605,127.0964333
228003189,37.2973833,127.1297333
228000741,37.2514333,127.1542833
228000782,37.2511333,127.1543167
228000470,37.1348167,127.3076833
228000477,37.13485,127.30755
228000114,37.1167333,127.1607
228002336,37.1169,127.1622667
228000117,37.1169833,127.1608167
228002335,37.1168333,127.1622333
228001811,37.2740833,127.09
228001812,37.2743,127.0901833
228002960,37.2750167,127.0739833
228002240,37.27055,127.0682167
228001810,37.2740833,127.0881667
228003269,37.2796333,127.07925
228001852,37.2724167,127.08195
228001833,37.2709833,127.0821833
228003271,37.2753833,127.0908333
228003270,37.2758,127.0905833
228001814,37.2748,127.08335
228001809,37.2744,127.0838167
228001820,37.2756667,127.071
228001838,37.2757833,127.07125
228001822,37.2731167,127.06875
228001801,37.2726833,127.0689167
228003272,37.274,127.074
228003273,37.2741,127.0742333
228003274,37.272,127.0737
228003275,37.2720333,127.0740167
228001841,37.27805,127.0744833
228001855,37.2782333,127.0744167
228001835,37.27785,127.0775667
228001807,37.2776167,127.0776833
228001939,37.2763333,127.0774
228001940,37.27605,127.0773167
228002992,37.2758833,127.0742667
277102874,37.2716833,127.0904833
228001834,37.27605,127.0792667
228001831,37.2756333,127.0799
228001837,37.2742167,127.07
228001846,37.27435,127.0698333
228001813,37.2742833,127.0879833
228003578,37.2685833,127.0689
228001851,37.2763667,127.0721167
228001826,37.2760833,127.0722833
228003277,37.27315,127.0712833
228003276,37.2731333,127.07095
228002028,37.3180667,127.0645167
228003540,37.3201833,127.0631833
228003541,37.3200333,127.0632833
